thread_id,customer_text,intent,predicted_intent,predicted_response,escalate_to_human,correct
GWR_000001,Congrats on the first trains of the new Intercity Express train fleet for @GWRHelp ! We are proud that our MTU PowerPacks power the trains. https://t.co/h4eEc8Od7i,OTHER,OTHER,"Thank you for getting in touch with GWR. Please send us a direct message (DM) or reply with details about your journey, and our customer support team will be happy to assist you.",False,True
GWR_000002,@GWRHelp why has the 16.27 from Paddington to Bristol only go 7 carriages  instead of 10? It's rammed!,TRAIN / SERVICE INFORMATION,OTHER,"Thank you for getting in touch with GWR. Please send us a direct message (DM) or reply with details about your journey, and our customer support team will be happy to assist you.",False,False
GWR_000003,.@GWRHelp The brand new IET train at Cardiff Central earlier today. Its very impressive. Getting mega miles out of this today https://t.co/8pk1brnKMn,OTHER,OTHER,"Thank you for getting in touch with GWR. Please send us a direct message (DM) or reply with details about your journey, and our customer support team will be happy to assist you.",False,True
GWR_000004,@GWRHelp I’m on a delayed Manchester - Bristol Temple meads service &amp; not going to make it to Bristol on Time for 12:22 to Westbury what train can I get next from Bristol to Westbury? @GWRHelp Thanks can I use my ticket on them? @GWRHelp It’s ok I made 12:22 with 1 minute to spare!!!!! :),TRAIN / SERVICE INFORMATION,TRAIN DELAY / CANCELLATION,"I'm sorry for the delay to your journey today. Please check real-time departures on www.gwr.com or the GWR app for live updates. If your journey arrives 15 minutes or more late, you can claim compensation via our Delay Repay scheme at www.gwr.com/delayrepay.",False,False
GWR_000005,@GWRHelp why do you no longer do trains from Paddington to Burnham/Taplow past 9pm? @GWRHelp Do you know where we get the bus from? @GWRHelp Is it in the taxi drop off bit or on the actual road where the Porter Building is? It's not sign posted anywhere!,TRAIN / SERVICE INFORMATION,OTHER,"Thank you for getting in touch with GWR. Please send us a direct message (DM) or reply with details about your journey, and our customer support team will be happy to assist you.",False,False
GWR_000006,@GWRHelp - over 30 mins delay this morning! Good going. What sort of an excuse is “late from the depot”? I couldn’t use that at work?! “Sorry I’m late I was late from my house” wouldn’t go down well. Break it up @134178 #trainrefund #railareturns,TRAIN DELAY / CANCELLATION,TRAIN DELAY / CANCELLATION,"I'm sorry for the delay to your journey today. Please check real-time departures on www.gwr.com or the GWR app for live updates. If your journey arrives 15 minutes or more late, you can claim compensation via our Delay Repay scheme at www.gwr.com/delayrepay.",False,True
GWR_000007,@GWRHelp Paddington is freezing and we are stood waiting around - NO ONE IS TELLING US ANYTHING!! @GWRHelp But why has the 22:45 stopped calling at Reading. Tonight is beyond a joke. @GWRHelp Is there also delays on the line this evening? This train is stop-start-stop-start..,TRAIN DELAY / CANCELLATION,OTHER,"Thank you for getting in touch with GWR. Please send us a direct message (DM) or reply with details about your journey, and our customer support team will be happy to assist you.",False,False
GWR_000008,"Hanks for a great Friday evening @GWRHelp , currently 25 mins late on the 6pm from Paddington to reading... stop start stop.! 😡",TRAIN DELAY / CANCELLATION,TRAIN DELAY / CANCELLATION,"I'm sorry for the delay to your journey today. Please check real-time departures on www.gwr.com or the GWR app for live updates. If your journey arrives 15 minutes or more late, you can claim compensation via our Delay Repay scheme at www.gwr.com/delayrepay.",False,True
GWR_000009,@GWRHelp @121203 consistent bad service from honeybourne to london. You buy a 1st class ticket to find that power sockets broken + no cafe,STAFF / SERVICE COMPLAINT,BOOKING / TICKETS,"For ticket purchases, amendments, or collection queries, please visit www.gwr.com or manage your booking via your GWR account. Feel free to DM us if you need specific booking assistance.",False,False
GWR_000010,"@GWRHelp how can I claim compensation for delayed 20:00 London to Bristol temple meads train tonight? Bought the ticket at the station, train getting in now, 38 minutes late @GWRHelp Is there not partial compensation for delay of over 30 minutes? @GWRHelp Why not? @GWRHelp @nationalrailenq is this correct?",REFUND / COMPENSATION,TRAIN DELAY / CANCELLATION,"I'm sorry for the delay to your journey today. Please check real-time departures on www.gwr.com or the GWR app for live updates. If your journey arrives 15 minutes or more late, you can claim compensation via our Delay Repay scheme at www.gwr.com/delayrepay.",True,False
GWR_000011,@GWRHelp why can't this train leave Didcot Parkway until 19.38? To Swindon. @GWRHelp Yep @GWRHelp I could've told you that! Put more bloody trains on muppets. These idiots in vests at stations are clueless too GWR=Ryanair on Rail!,GENERAL CUSTOMER SERVICE,OTHER,"Thank you for getting in touch with GWR. Please send us a direct message (DM) or reply with details about your journey, and our customer support team will be happy to assist you.",False,False
GWR_000012,"Full and standing to the point of being unsafe, unable to get on, and staff with no clue as to the concept of customer service. @GWRHelp https://t.co/ce1QUJtSrG @GWRHelp Are you going to answer the question as to why it was decided to put on just one carriage for such a long route, on a busy Saturday? @GWRHelp And forgive me for finding utterly arbitrary the method of deciding whether the train was full. Is there a prescribed method for this? @GWRHelp No, to repeat for a third time, I'd like to know the reason this specific service was run with one carriage. Thank you. @GWRHelp And while we're at it, do you have figures available as to the cost of your rebrand to GWR that you insisted wasn't 'just a rebrand'? @GWRHelp And do you have any expectation that one carriage will fit all pax on that route, or are you selling a service you can't possibly provide? @GWRHelp In no-one's mind is a one-carriage train going to be sufficient all the way from Penzance to Plymouth. Wouldn't you agree? @GWRHelp And you seem to be failing miserably at matching resources to predicted numbers. Just arrived in Plymouth 40mins late by taxi - thanks. @GWRHelp I'll take that as agreement with my point. My complaint will be in the post. Lost count of how many I've made, yet service never improves.",STAFF / SERVICE COMPLAINT,GENERAL CUSTOMER SERVICE,Hello! How can we assist you with your journey today? Please reply with your specific travel details or enquiry and we'll be happy to help.,True,False
GWR_000013,"Half an hour late getting to Taunton. Good job @GWRHelp @GWRHelp The 1157 Paddington to Penzance. It's criminally overcrowded and now half an hour late. @GWRHelp Apologies don't really help, to be honest. How late does it need to be for me to claim compensation? @GWRHelp I note you apologise for the delay (which might not be in your control) but not the overcrowding (which definitely is in your control). @GWRHelp Your link is a 404. But this page says I can claim after 30 minutes https://t.co/2HaqG4zKY0 @GWRHelp Yeah. That's the page I found. It says I can claim for delays of 30 mins. Not sure why you said an hour. @GWRHelp So I see. That's ridiculous. If I can't claim for this appalling service I'm going to be furious.",TRAIN DELAY / CANCELLATION,TRAIN DELAY / CANCELLATION,"I'm sorry for the delay to your journey today. Please check real-time departures on www.gwr.com or the GWR app for live updates. If your journey arrives 15 minutes or more late, you can claim compensation via our Delay Repay scheme at www.gwr.com/delayrepay.",True,True
GWR_000014,@GWRHelp good morning. Is Shiplake station being moved entirely this weekend? https://t.co/Apr7xQYImx @GWRHelp That picture is your station advert. Look at Shiplake. @GWRHelp Twyford. But I'm guessing it doesn't have its own special print.,GENERAL CUSTOMER SERVICE,ROUTE / TIMETABLE / STATION,"For timetable, platform, or route information, please check live departures at www.gwr.com or speak to station staff on the concourse.",False,False
GWR_000015,This is the 11:44am @GWRHelp service Bristol Parkway to London Paddington (after rail replacement from Cardiff). You call this good service? https://t.co/smAhjZb0WP @GWRHelp I did but I can’t even get to it! @GWRHelp And - I won’t die tbh but there are several elderly ppl here w walking sticks etc standing &amp; not being offered seats #accessibility #respect,STAFF / SERVICE COMPLAINT,ACCESSIBILITY / SPECIAL ASSISTANCE,"Station accessibility information, including step-free access and lift status, is available on the station pages of www.gwr.com and on National Rail Enquiries. If a lift is out of service, our team can arrange accessible alternative transport.",False,False
GWR_000016,"Just one of those standard @GWRHelp themed tweets about my train starting off 18mins late and still haemorrhaging time. 22mins late now 🤔 @GWRHelp Hi Natalie. Thanks. 0805 Cdf to Swansea. Station says it's imminent and caused by late departure from Pad. @521296 @GWRHelp That sucks @552142 @GWRHelp Ha, thanks! Obvs not a huge problem but I picked a bad day to arrive super early. @GWRHelp Thanks",GENERAL CUSTOMER SERVICE,ROUTE / TIMETABLE / STATION,"Live platform allocations and departure times are displayed on station screens and in the GWR app. Platforms are confirmed shortly before arrival, so please check the departure boards at the station.",False,False
GWR_000017,"Got to the platform at 7:43, train leaves at 7:44 but the doors were already closed. Asked if I could get on &amp; I was told no because the doors were already locked. Then two staff unlock &amp; step on infront of me. Then told again I'm not allowed on the train. Thanks again @GWRHelp @GWRHelp But staff were allowed to board the train in front of me, yet I still wasn't allowed",STAFF / SERVICE COMPLAINT,STAFF / SERVICE COMPLAINT,"We are very sorry to hear about your experience with our staff. We hold our teams to high professional standards. Please send us a DM with the date, time, station or service, and any staff details so we can refer this to station management.",False,True
GWR_000018,"@GWRHelp Fantastic service for people with disabilities, all seat reservations cancelled because ""there was no time to put them out""",STAFF / SERVICE COMPLAINT,TRAIN DELAY / CANCELLATION,"I am very sorry that your train has been cancelled. Your ticket is valid on the next available GWR service on the same route. If you choose not to travel due to the cancellation, you are entitled to a full fee-free refund from your point of purchase.",True,False
GWR_000019,@GWRHelp where do I send the bill for my time you've wasted and my missed connecting train? #MickeyMouse #LiterallyEveryOtherTrainIsLate @GWRHelp You don't compensate for something that's directly your responsibility? Seems legit! Can't imagine if I took that to court you'd fair well,TRAIN DELAY / CANCELLATION,REFUND / COMPENSATION,"If your journey was delayed by 15 minutes or more, you can claim compensation under our Delay Repay scheme. Please submit a claim with a photo of your ticket within 28 days at www.gwr.com/delayrepay.",True,False
GWR_000020,"@GWRHelp Three carriages at peak hour is not acceptable!! Filton to cardiff. Standing room, crammed. People left on platform....",GENERAL CUSTOMER SERVICE,ROUTE / TIMETABLE / STATION,"Live platform allocations and departure times are displayed on station screens and in the GWR app. Platforms are confirmed shortly before arrival, so please check the departure boards at the station.",False,False
GWR_000021,"@GWRHelp for the love of GOD, run trains on time. Guildford to Wokingham is a connecting train for most people. If late, it's game over @GWRHelp Departed 07:50 instead of 07:43. Now I miss my connection AGAIN. Now it's a taxi from Wokingham! Now I'm £24 on taxis in 3 working days. @GWRHelp Are for real! It's the 0743 from Guildford to Wokingham! The train has a giant GWR logo on the side. Do you not know your own service. https://t.co/J5XRtHK9yy @GWRHelp Oh Silence... I think the words you're looking for are ""apologies Chris, yes our service was late again. Could we refund your taxi costs"" @GWRHelp Problem is I'm ""liable"" if I dont buy ticket. I'm ""liable"" for being late to work. Thanks for apology. New Car arrives next week Hallelujah https://t.co/Nz9xKJFspK @GWRHelp Once again you've out performed my expectations. 0743 from Guildford is late again! You should be proud of your redundant service. TAXI ‼️ @GWRHelp Giving me 60 seconds to make my change! Thank you for the apology. Luckily for me, I'm getting used to this and I've met a funny taxi driver https://t.co/QaV2YjnrU2",TRAIN DELAY / CANCELLATION,ROUTE / TIMETABLE / STATION,"If your train was delayed causing you to miss a connecting service, your ticket is valid on the next available train to your destination. Station staff will also be able to advise on alternative routes.",True,False
GWR_000022,@GWRHelp Still no clarity on advance tickets or timetables for weekends December 2nd onwards? You said NR had finalised this! @GWRHelp So this exchange earlier in the week was incorrect? https://t.co/pgoieyJMH5,TRAIN / SERVICE INFORMATION,BOOKING / TICKETS,Advance tickets can be amended prior to departure for a £10 admin fee plus any difference in fare via your online account or ticket office. Flexible tickets (Off-Peak/Anytime) can be changed or upgraded directly.,False,False
GWR_000023,"@GWRHelp Hi,when will the timetables be confirmed for Christmas week? I only ask as the Pad to Penzance sleeper is still missing on 21/12..?",GENERAL CUSTOMER SERVICE,OTHER,"Thank you for getting in touch with GWR. Please send us a direct message (DM) or reply with details about your journey, and our customer support team will be happy to assist you.",False,False
GWR_000024,"@GWRHelp hello, is there any way you can please tell me what the 10.21 train from Paddington to Hereford on 23rd December is likely to be - HST or DMU? Thanks. @GWRHelp Wahey Andy, thanks for this. Is it likely to change at all? And if so, do you know where best for me to check that in run up to the day? @GWRHelp Belated thanks for your help!",GENERAL CUSTOMER SERVICE,GENERAL CUSTOMER SERVICE,Hello! How can we assist you with your journey today? Please reply with your specific travel details or enquiry and we'll be happy to help.,False,True
GWR_000025,@GWRHelp when do you expect to publish the new January 2018 timetables. Interested to see changes with all the new trains @GWRHelp Ok thanks. Is the information on Journey planner correct for January 2018? Wouldn’t want to plan travel if it’s incorrect. @GWRHelp Most weekdays. I will wait for timetables to be published,TRAIN / SERVICE INFORMATION,OTHER,"Thank you for getting in touch with GWR. Please send us a direct message (DM) or reply with details about your journey, and our customer support team will be happy to assist you.",False,False
GWR_000026,"Hi @GWRHelp, what will the journey time between Didcot Parkway and Paddington? It’s around 45 mins with the current HSTs. Thank you. https://t.co/d7JOc0irEF @GWRHelp Thank you Lewis",TRAIN / SERVICE INFORMATION,OTHER,"Thank you for getting in touch with GWR. Please send us a direct message (DM) or reply with details about your journey, and our customer support team will be happy to assist you.",False,False
GWR_000027,@GWRHelp to disinterested in customers to address valid concerns. Disgraceful. Again @GWRHelp 11:25 Reading to Paddington yesterday. Severely delayed no audible announcements. Overcrowded and 30 degrees in the carriage @GWRHelp The last carriage - that is the rear carriage. The delay was nothing to do with a late running service but signalling problems,TRAIN DELAY / CANCELLATION,TRAIN DELAY / CANCELLATION,"I'm sorry for the delay to your journey today. Please check real-time departures on www.gwr.com or the GWR app for live updates. If your journey arrives 15 minutes or more late, you can claim compensation via our Delay Repay scheme at www.gwr.com/delayrepay.",False,True
GWR_000028,"Kudos to @GWRHelp we seem to be getting 4 carriages on the 17:10 from Filton, at least to Westbury. A lot less overcrowded.",GENERAL CUSTOMER SERVICE,OTHER,"Thank you for getting in touch with GWR. Please send us a direct message (DM) or reply with details about your journey, and our customer support team will be happy to assist you.",False,False
GWR_000029,Once again @GWRHelp have cancelled 9.55 Cardiff to London due to not enough available rolling stock. Result is late for appointment. Solution is invest more of profits in infrastructure or nationalise rail. @280693 @GWRHelp @280693 Good but 2nd time in a week this has happened to me. Unreliable service at extortionate cost. Time to compensate travellers when you are unable to provide adequate service. @GWRHelp @280693 Advanced 1st class single. @280692 @GWRHelp @280693 I reached home at 4 last night. Terrible doesn't even begin to describe these shambles. @VirginTrains @115793 I can't understand how people live with these kind of services day in day out.,TRAIN DELAY / CANCELLATION,TRAIN DELAY / CANCELLATION,"I am very sorry that your train has been cancelled. Your ticket is valid on the next available GWR service on the same route. If you choose not to travel due to the cancellation, you are entitled to a full fee-free refund from your point of purchase.",True,True
GWR_000030,"@GWRHelp you’ve cancelled my connecting train 8:51 from truro &amp;I’m late for uni ,I paid £2.90 extra to get an early train this utter shit @GWRHelp It’s an utter shambles none of the signs have been changed @GWRHelp I want a refund this is ridiculous",TRAIN DELAY / CANCELLATION,TRAIN DELAY / CANCELLATION,"I am very sorry that your train has been cancelled. Your ticket is valid on the next available GWR service on the same route. If you choose not to travel due to the cancellation, you are entitled to a full fee-free refund from your point of purchase.",True,True
GWR_000031,@GWRHelp good to see investment in new rolling stock is helping commuters.... 7.16 from Maidenhead has only 3 coaches!!!!! Joke! 7.08 delayed by over 11 mins!!!! Joke!,GENERAL CUSTOMER SERVICE,TRAIN DELAY / CANCELLATION,"I'm sorry for the delay to your journey today. Please check real-time departures on www.gwr.com or the GWR app for live updates. If your journey arrives 15 minutes or more late, you can claim compensation via our Delay Repay scheme at www.gwr.com/delayrepay.",False,False
GWR_000032,@GWRHelp  another thoroughly crap service between portsmouth and brighton today. So far this week we have had cancellations and 2 carriage trains. Have you any concept how much of our hard earned money we pay for this crap service? @GWRHelp 17:02 from Brighton and 07:09 from Portsmouth. It's been so reliable all summer but now is either cancelled or 2 old carriages. Every train to Havana misses it's time so we miss the connection. It's rubbish @GWRHelp @GWRHelp 2 mins late however 2 carriages  in rush hour. Last night's 5:02 from Brighton was cancelled. Mondays 7:09 from Portsmouth was cancelled and every train from Brighton gets to Havant 10 mins late making us miss cnxs @GWRHelp Are you for real? It goes through fratton if you don't k ow your stations @GWRHelp If you thought outside the box a little you might guess that I was talking about the 7:09 out of fratton which is in Portsmouth. @GWRHelp So in 7 months time we will have new carriages but in the meantime we pay for a cheap service.   Terrible,TRAIN DELAY / CANCELLATION,TRAIN DELAY / CANCELLATION,"I am very sorry that your train has been cancelled. Your ticket is valid on the next available GWR service on the same route. If you choose not to travel due to the cancellation, you are entitled to a full fee-free refund from your point of purchase.",True,True
GWR_000033,"Shout out to @GWRHelp who informed customers on the 9am train on Sunday morning that the bar was fully licensed 🍸🍾👌🏼 @GWRHelp Hi Lewis. Despite the fact it’s a nightmare and long and seemingly never ending it is actually clean, pleasant and your staff are nice. @GWRHelp For context I’m talking about the train journey and not the size of the bar or something @GWRHelp I mean a free beer wouldn’t go amiss!",GENERAL CUSTOMER SERVICE,STAFF / SERVICE COMPLAINT,"We are very sorry to hear about your experience with our staff. We hold our teams to high professional standards. Please send us a DM with the date, time, station or service, and any staff details so we can refer this to station management.",False,False
GWR_000034,"@GWRHelp Why is the 17.21 KYN to BRI showing as ""delayed""? Going to miss the my connection at this rate! (the 17.54 BRI to CDF). @GWRHelp Any idea on time or if you can stop one of the HSTs that are passing through at KYN? @GWRHelp And just as I say that the NRE app has updated to say the 5.26 from BTH to BRI will also stop at OLF and KYN. Thanks!",TRAIN DELAY / CANCELLATION,TRAIN DELAY / CANCELLATION,"I'm sorry for the delay to your journey today. Please check real-time departures on www.gwr.com or the GWR app for live updates. If your journey arrives 15 minutes or more late, you can claim compensation via our Delay Repay scheme at www.gwr.com/delayrepay.",False,True
GWR_000035,"@GWRHelp hello, left my north face jacket on the 8.01 train from Bristol to Paddington. How do I go about getting it back please? @GWRHelp Thank you.",BAGGAGE / LOST PROPERTY,OTHER,"Thank you for getting in touch with GWR. Please send us a direct message (DM) or reply with details about your journey, and our customer support team will be happy to assist you.",False,False
GWR_000036,"Currently on a @GWRHelp service, “next stop Hayes &amp; Harlington” as we pass through and fail to stop at Twyford. Thanks for the announcements @GWRHelp On a service from London Paddington to Oxford. The service still says we are stopping at Hayes &amp; Harlingt among others, we pull into reading @GWRHelp I believe it was supposed to be 10.27 from London Paddington but it didn’t leave until almost 10.50 so not 100% sure @GWRHelp Car 1. There were also no announcements from the driver notifying us of the change. @GWRHelp The announcement when we pulled into Reading was “this is Hayes &amp; Harlington”",TRAIN / SERVICE INFORMATION,STAFF / SERVICE COMPLAINT,"We are very sorry to hear about your experience with our staff. We hold our teams to high professional standards. Please send us a DM with the date, time, station or service, and any staff details so we can refer this to station management.",False,False
GWR_000037,"@GWRHelp how come 1842 to MAID is now a stopping service? Can I assume i will make 1920 to B'END? @GWRHelp thanks, let's hope so! @GWRHelp once again another missed connection!!!!! @GWRHelp 1842 delayed almost every eve...no refund as season ticket holder.. 5% off renewal is not adequate comp. pls share with management @GWRHelp if you suddenly decide to make service a stopping service the least you can do is hold the connections. Disgraceful as usual. @GWRHelp don't make the service a stopping service then because that clearly has knock on effects too!!! 😡 @GWRHelp and again....",TRAIN DELAY / CANCELLATION,TRAIN DELAY / CANCELLATION,"I'm sorry for the delay to your journey today. Please check real-time departures on www.gwr.com or the GWR app for live updates. If your journey arrives 15 minutes or more late, you can claim compensation via our Delay Repay scheme at www.gwr.com/delayrepay.",True,True
GWR_000038,"@GWRHelp the WiFi on your trains is abysmal... it genuinely makes me wish I got the bus. Also, the lighting is super harsh 🙃 @GWRHelp Every time I’m on your trains im unable to use the WiFi, it literally doesn’t load anything. I would use my 3G but no signal :(. @GWRHelp The lighting - in the nights when it’s pitch black outside the lighting in the carriage is so bright. Maybe dim it?! https://t.co/jQhlBpPrMM @GWRHelp Thanks for the response!",TECHNICAL / WEBSITE / APP,TRAIN / SERVICE INFORMATION,"We apologise for the issues with onboard facilities. Please send us a DM with your train time, origin/destination, and coach letter so our on-train and maintenance crews can be notified to resolve this.",False,False
GWR_000039,@GWRHelp Another day another train delay. Signal failure after an earlier delay in Swindon on a train where there is also a 'flooded' bar. @GWRHelp The 14:30 Bristol TM to London. @GWRHelp Here's the bag of newspaper used to mop up the water. You are a disgrace. https://t.co/FqSon1M7E4 @GWRHelp I'm now 34 minutes late! Will I get a refund? @GWRHelp One thing I'm sure about you vile people - you aren't sorry. #greed #trainfail,TRAIN DELAY / CANCELLATION,TRAIN DELAY / CANCELLATION,"I'm sorry for the delay to your journey today. Please check real-time departures on www.gwr.com or the GWR app for live updates. If your journey arrives 15 minutes or more late, you can claim compensation via our Delay Repay scheme at www.gwr.com/delayrepay.",True,True
GWR_000040,"HOW HOW HOW CAN ANOTHER @GWRHelp TRAIN BE DELAYED?! In the three months I've used the service I don't think one has ever been on time @GWRHelp Oldfield park 》temple meads. I don't understand why it's always late? Why not just schedule it later??? @GWRHelp Can you explain what a signalling problem is, not ideal when I've got a wedding to go to",TRAIN DELAY / CANCELLATION,TRAIN DELAY / CANCELLATION,"I'm sorry for the delay to your journey today. Please check real-time departures on www.gwr.com or the GWR app for live updates. If your journey arrives 15 minutes or more late, you can claim compensation via our Delay Repay scheme at www.gwr.com/delayrepay.",False,True
GWR_000041,"@gwrhelp. Can you confirm whether there are problems at the depots which are delaying repairs to trains? Also is it true that rolling stock has been sold, rather than being used on your routes? Lots of rumours around, so from a PR point of view it might be good to dispel them. @GWRHelp @132693 So what was the cause of the issues in September? And October? And November? It's only recently gotten cold....Unless your trains only operate in temperatures above 18deg...#porkies @GWRHelp Thanks Josh. Can you confirm that there are no problems at the depots that are delaying repairs to trains? Your customers hear a lot of rumours otherwise! @GWRHelp Thanks. It might be worth suggesting to the GWR marketing that they do some reputational damage limitation, perhaps sending staff out to stations and trains to hand out information and reassure customers.  GWR is taking a pasting currently! @132693 @GWRHelp No chance, Ed. That costs money and I'm not spending money on shit that doesn't give me a return! Haha sucker!",TRAIN / SERVICE INFORMATION,STAFF / SERVICE COMPLAINT,"We are very sorry to hear about your experience with our staff. We hold our teams to high professional standards. Please send us a DM with the date, time, station or service, and any staff details so we can refer this to station management.",False,False
GWR_000042,"@GWRHelp I have just been told I have to pay for a ticket on a CC train to Cheltenham, despite taking the route you advised. WTF! 2/2 @GWRHelp London to Cheltenham. Apparently you didn’t set up a ‘ticket conveyance’? @GWRHelp This was the paper I was given - I was told that my ticket would be valid on these trains. Conductor on Bristol-Chelt felt otherwise. https://t.co/klFC9a4dCF @GWRHelp Didn’t pay in the end as got to Cheltenham but horrible way to end what was already a horrible journey. Please could this be investigated? @GWRHelp I need to get back to London tomorrow - please can you advise what trains I can catch with my pre-booked ticket? Was meant to be on 13.46 @GWRHelp Thanks in advance for your help https://t.co/4TLqrQGNY7 @GWRHelp Is there any way that doesn’t involve the bus? Can I not go back via Bristol again? @GWRHelp Or could I start earlier so I get home on time? @GWRHelp Or via Birmingham? @GWRHelp Just looked at Birmingham trains and this seems like the quickest option. Please can you confirm my ticket will be valid? @GWRHelp Tbh I think that’s ridiculous - GWR should pay the conveyance to allow their passengers who booked in advance to travel to their destination @GWRHelp In the quickest time possible. As I understand it GWR could do this, but are choosing not to, to save money at the expense of your customers @GWRHelp I have already spent 2 hours longer than I should have done on trains - GWR could ease this pain but are too tight to do so @GWRHelp Even though it is taking twice the time to get to destination and you failed to notify your advance booking customers? Terrible service @GWRHelp You have ruined my weekend and I have lost money in tickets booked for events I was unable to attend - for which I will receive nothing @GWRHelp And I can’t even get back home on time because instead of one change GWR think it’s ok to send me on a journey with 4 diff legs @GWRHelp You could ease those difficulties with ticket conveyance - chosen not too. Apologies don’t cut it - you’ve chosen £ over your customers. @GWRHelp Enough time to arrange replacement buses = enough time to email your customers. @GWRHelp I did book in advance through your website and I received no such email. @360452 @GWRHelp Nice to see @GWRHelp not giving a shit about customers as usual. @360452 @GWRHelp Standard @GWRHelp you wouldn’t receive compensation from these crooks even if the train derailed.",BOOKING / TICKETS,BOOKING / TICKETS,"If you have not received your booking confirmation or collection reference, please check your spam/junk folder. You can also view your active bookings in your online GWR account. If you still need help, please DM us your registered email.",True,True
GWR_000043,@GWRHelp delays took me nearly 2 hours to go 5 miles. Not impressed 🙅🏼,TRAIN DELAY / CANCELLATION,OTHER,"Thank you for getting in touch with GWR. Please send us a direct message (DM) or reply with details about your journey, and our customer support team will be happy to assist you.",False,False
GWR_000044,"@GWRHelp Terrible news, so trains are terminating at reading then? @GWRHelp It is awful news. Can I ask whether this means those of us sitting on the 10.41 Swindon to Paddington are going to be unloaded onto road transport? @GWRHelp Are there any trains running from Swindon to Paddinngton/London not impacted by this? @GWRHelp @283332 What about buses for services that can’t get into Swindon, eg B Pway? @GWRHelp Changed at Chippenham to a train heading to Paddington (I think via Melksham). Do you know what time it will arrive into London? @GWRHelp I'm booked on the 1.45 Paddington to Swansea. Is it likely to run and if so is first class declassified as will have double the numbers @GWRHelp What’s happening between Reading and Paddington? @GWRHelp Hi Josh, Lewis already got back to me. I’m going from BPway to Swindon, so on a train to Reading where I change for a different train to Didcot, then bus to Swindon apparently! @GWRHelp I’m meeting the 13.30 train at Reading from Bristol, do you know how long the delay might be? Thanks @GWRHelp It’s scheduled to arrive in Reading at 13.30. @GWRHelp Obviously a tragic incident. But the lack of real time information and help at Paddington is abysmal. Also very frustrating that currently tickets can’t be used on alternative routes @GWRHelp Is the 1.36 from Paddington to Cheltenham Spa going to go? @GWRHelp I’ve now had to make alternative travel arrangements as the staff could not guarantee I would be in Swansea for when I needed to be. Can I apply for compensation? @GWRHelp Hi. Does this effect trains going from Bristol TM - London Pad? Or will the train just go a different route after Bath? @GWRHelp Thankyou. The staff were great, it was just the complete lack of information at their disposal that was so frustrating @GWRHelp On the 1pm from Paddington to Temple meads what's the best way to get to Cardiff? @GWRHelp I’m meeting someone off the 12.32 train from Bristol Templemeads arriving in Reading at 13.30 @GWRHelp Do you know what time it might arrive in Reading bearing in mind the delays? Thanks @GWRHelp Thank you 👍🏽 @GWRHelp Is the 2.28 reading to bath definitely running @GWRHelp @284127 Hi - we were meeting my wife’s 81-yr old godmother at Kemble. Think she’s on a coach between Didcot &amp; Swindon now. Any clue when it might arrive? We’re driving to Swindon station to meet her. Thanks for all the info. @GWRHelp @284127 She was due to be on the 1336 out of Paddington to Cheltenham. I believe she’s been on a bus for 20-minutes now. @GWRHelp Did you declassify? There's currently 3 women who are probably over 70 standing. Along with 10-15 others. Also impossible to get to a toilet or get food/drink @GWRHelp Terrible situation. Thoughts to all. Have lines reopened? @GWRHelp 14.26 &amp; still no sign of the train 🚂 🤦🏻‍♀️ @GWRHelp Catching the 15:30 train, am worried now as the 15:00 has been cancelled &amp; pretty much all are cancelled from Parkway @GWRHelp @284127 My guess is about 1.35? Not sure. No sign of bus at Swindon...Cant be long now @GWRHelp Many thanks. @GWRHelp @284127 It was all good in the end. Hope network and passengers are calmer now. Take care.",TRAIN DELAY / CANCELLATION,ROUTE / TIMETABLE / STATION,"Live platform allocations and departure times are displayed on station screens and in the GWR app. Platforms are confirmed shortly before arrival, so please check the departure boards at the station.",True,False
GWR_000045,"@GWRHelp can you help your train drivers be on time for the trains they're supposed to be driving @GWRHelp Too lean on the drivers maybe? @GWRHelp Also, why do you remove the platform announcements from the board before the train is scheduled to depart? @GWRHelp About 3 or 4 minutes before the train is set to leave it is removed from the board so you don’t know what platform it’s on",ROUTE / TIMETABLE / STATION,ROUTE / TIMETABLE / STATION,"Live platform allocations and departure times are displayed on station screens and in the GWR app. Platforms are confirmed shortly before arrival, so please check the departure boards at the station.",False,True
GWR_000046,@GWRHelp can you do anything to help me out? @GWRHelp No it didn't improve at all.  I've never seen overcrowding like this before @GWRHelp Not your fault.  You guys have reacted in the best way possible - extremely professionally,GENERAL CUSTOMER SERVICE,GENERAL CUSTOMER SERVICE,Hello! How can we assist you with your journey today? Please reply with your specific travel details or enquiry and we'll be happy to help.,False,True
GWR_000047,@GWRHelp Do I need photo id in order to use a weekly season ticket? Clapham Junction to Oxford? @GWRHelp I need to purchase one. Thanks,BOOKING / TICKETS,BOOKING / TICKETS,"For ticket purchases, amendments, or collection queries, please visit www.gwr.com or manage your booking via your GWR account. Feel free to DM us if you need specific booking assistance.",False,True
GWR_000048,"@GWRHelp hi, do you have pram accessibility on trains between Swindon and Bristol templemeads?",ACCESSIBILITY / SPECIAL ASSISTANCE,ACCESSIBILITY / SPECIAL ASSISTANCE,"Station accessibility information, including step-free access and lift status, is available on the station pages of www.gwr.com and on National Rail Enquiries. If a lift is out of service, our team can arrange accessible alternative transport.",False,True
GWR_000049,"@GWRHelp GWR is a joke, my trains been cancelled and my plans for tonight ruined, cost me time and money @GWRHelp 15:27 portsmouth &amp; Southsea to Warminster @GWRHelp Well that’s great but my train has already been cancelled and I’m gonna miss a gig I had tickets for so???",TRAIN DELAY / CANCELLATION,TRAIN DELAY / CANCELLATION,"I am very sorry that your train has been cancelled. Your ticket is valid on the next available GWR service on the same route. If you choose not to travel due to the cancellation, you are entitled to a full fee-free refund from your point of purchase.",True,True
GWR_000050,"@GWRHelp I emailed about refund last Friday. When will I hear back? @GWRHelp Just so you know - legally you have to pay me back within 14 days. https://t.co/loofq6OCb8 https://t.co/jloB4rjOJR @GWRHelp No I wasn't told to do that by your team. Only to email which I have done - with a photo of the ticket. Do I have to post as well? If it takes up to 28 days then I can take legal action? @134107 @GWRHelp Haha, I don't give a fuck about customer refunds! I hold back all the funds until the next financial year to make the bottom line look better to my shareholders! #fuckthecustomers @GWRHelp Claim for delay compensation @134107 @GWRHelp Ha ha ha ha ha ha ha. 14 days? My last one took 7 months and I had to chase it twice. Good luck. @127296 @134107 @GWRHelp must have been 7 months before my financial year. See what we do is hold all the refunds back until then to make our.m bottom line look better to our shareholders! Fuck the law, but more importantly, fuck the customers! Ha, got ya by the balls! @GWRHelp So is my email sufficient? Do you realise you are breaking the law by not issuing a refund within 14 days? @GWRHelp How long do you legally have to issue my compensation claim? @GWRHelp So you are under no legal obligation to issue compensation within a specific time frame?",REFUND / COMPENSATION,REFUND / COMPENSATION,"If your journey was delayed by 15 minutes or more, you can claim compensation under our Delay Repay scheme. Please submit a claim with a photo of your ticket within 28 days at www.gwr.com/delayrepay.",True,True
GWR_000051,"As if having to go to Swindon isn’t bad enough, looks like this journey will take 3+hrs due to a complete lack of @GWRHelp @GWRHelp The non-existent 11:30 Paddington -Swindon @GWRHelp  https://t.co/VIcTfwGK7R @GWRHelp Balls. @GWRHelp Why didn’t I hear about this? @GWRHelp Why do Don’t your help desk tell me this? @GWRHelp Station staff I spoke to. Not one told me how much my travel was going to be changed. The just told me Auto take a different train",BOOKING / TICKETS,STAFF / SERVICE COMPLAINT,"We are very sorry to hear about your experience with our staff. We hold our teams to high professional standards. Please send us a DM with the date, time, station or service, and any staff details so we can refer this to station management.",False,False
GWR_000052,"@GWRHelp hi guys, why is the 5:34 from honeybourne to Paddington cancelled? Looks like the only station you're not calling at? @GWRHelp can you tell me why the 5:34 was cancelled  though? as it looks like the only station it's not calling at?",TRAIN DELAY / CANCELLATION,TRAIN DELAY / CANCELLATION,"I am very sorry that your train has been cancelled. Your ticket is valid on the next available GWR service on the same route. If you choose not to travel due to the cancellation, you are entitled to a full fee-free refund from your point of purchase.",True,True
GWR_000053,@GWRHelp https://t.co/lzO6Qm3Lvc,OTHER,OTHER,"Thank you for getting in touch with GWR. Please send us a direct message (DM) or reply with details about your journey, and our customer support team will be happy to assist you.",False,True
GWR_000054,.@GWRHelp No catering at all on 19.48 to Gloucs and Worcs. Compares very badly with the superb service I've had today on @120576,GENERAL CUSTOMER SERVICE,TRAIN / SERVICE INFORMATION,"We apologise for the issues with onboard facilities. Please send us a DM with your train time, origin/destination, and coach letter so our on-train and maintenance crews can be notified to resolve this.",False,False
GWR_000055,"@GWRHelp Can you tell me what the cheapest (standard) single ticket (with Network Railcard) is that I can buy on your website from Maiden Newton to Putney (via Salisbury). I want to travel this Friday (1st Dec) on the 1143 from Maiden Newton. @GWRHelp Thank you, Rachel. I was told by GWR live chat that there is a Super Off-Peak Single (with Network Railcard) for £23.95 for this journey but it's not valid via Salisbury. Do you know if this ticket is available on your website by a different route please? @GWRHelp Thank you. GWR Chat told me today this ticket isn't valid via Salisbury (see attached screenshot) but the 1529 from Yeovil Junction to Clapham Junction in your image goes via Salisbury. This is confusing. Which is correct please? https://t.co/d7KgEVbAAr @GWRHelp Thank you Rachel. Does that mean I can’t make a break of journey at Salisbury and continue my journey later that day. I though I could make a break of journey on this ticket. If you could clarify please. Thank you. @GWRHelp Hi Rachel, can you tell me what the actual restriction is on this ticket is that prevents me making a break of journey at Salisbury? Your website says break of journey is allowed on this ticket. I thought it was allowed. I just want to make sure. Thxs @GWRHelp Yes please. @GWRHelp Oh great, thanks for the link. So a break of journey at Salisbury is allowed after all. @GWRHelp Rachel, today you told me the cheapest fare was £47.50, when it's £23.95. You've told me I can't change trains at Salisbury (unless I buy a £32.50 ticket), when in fact a break is allowed at Salisbury on my ticket. GWR Chat told me my ticket is NOT valid via Salisbury when (1/2) @GWRHelp ...in fact it IS valid Salisbury. Why all this incorrect information? What is the best channel for me to escalate this as a complaint please? All this incorrect information from GWR today is appalling. (2/2) @GWRHelp Thank you Andy. That's prefect. That's all I needed to know. I will raise this as a complaint because how can customers be sure they're buying the right ticket if GWR don't have a clue about the validity of the tickets they are selling - as can be seen from today's conversations. @121204 @GWRHelp Not just an issue with GWR, but other companies unfortunately. It seems that some staff are either confused, or deliberately attempt to sell more expensive tickets than necessary to passengers. Happened to me a number of times. @130866 @GWRHelp @GWRHelp were definitely telling me I needed to buy a more expensive ticket for my journey, when the cheaper one I was asking about fully covered my journey requirements. 😡",BOOKING / TICKETS,BOOKING / TICKETS,Advance tickets can be amended prior to departure for a £10 admin fee plus any difference in fare via your online account or ticket office. Flexible tickets (Off-Peak/Anytime) can be changed or upgraded directly.,False,True
GWR_000056,"Hi @9540 I'm collecting Lanyards, trying to become the UK record holder. Would you have a FGW lanyard to spare? :-) @9540 Thank you. I've sent you my details :) @9540 thank you for sending me this FGW lanyard. #firsttrainlanyard http://t.co/bIfAZb4vDm @GWRHelp @159478 Can I have one to add to my collection? :-)",GENERAL CUSTOMER SERVICE,OTHER,"Thank you for getting in touch with GWR. Please send us a direct message (DM) or reply with details about your journey, and our customer support team will be happy to assist you.",False,False
GWR_000057,@GWRHelp On delayed rail repl coach to BPW. Have adv ticket on 17.48 to SOU. No chance of making this. Can we travel on later service?,BOOKING / TICKETS,TRAIN DELAY / CANCELLATION,Rail replacement buses are operating on this route due to service disruption. Replacement buses usually pick up from the station front or designated bus bays. Please check station signage or speak to platform staff for exact pickup points.,False,False
GWR_000058,First cup of tea 🙂 with cake 🍰🤗 @GWRHelp hoping for T @ The Ritz https://t.co/eTK612oB6u @GWRHelp It was very enjoyable thank you 🙂 @GWRHelp Hoping to have another slice on the way back tomorrow,OTHER,OTHER,"Thank you for getting in touch with GWR. Please send us a direct message (DM) or reply with details about your journey, and our customer support team will be happy to assist you.",False,True
GWR_000059,Took a ride on the new @GWRHelp IETs today. Great way to spend the day off work. No complaints from me. #GWRNewTrains #gwradventures https://t.co/fnkxN5F8kn,OTHER,OTHER,"Thank you for getting in touch with GWR. Please send us a direct message (DM) or reply with details about your journey, and our customer support team will be happy to assist you.",False,True
GWR_000060,"Was physically unable to board the @GWRHelp train this evening. Too many passengers, not enough carriages. Ah well. https://t.co/AUq9xSpZ5k @GWRHelp Was intending to take the 17:17 BRI to WOR. However this was ""delayed"" so attempted to catch the 17:26 BRI departure to Taunton above. @GWRHelp In the end I caught the 17:17 which eventually arrived departed Bristol at 18:04 47 minutes late.",GENERAL CUSTOMER SERVICE,TRAIN DELAY / CANCELLATION,"I'm sorry for the delay to your journey today. Please check real-time departures on www.gwr.com or the GWR app for live updates. If your journey arrives 15 minutes or more late, you can claim compensation via our Delay Repay scheme at www.gwr.com/delayrepay.",False,False
GWR_000061,@GWRHelp after a long day at college I’m sitting on the floor because there’s not enough benches on the platform ☹️☹️ https://t.co/kBPH9cD6Wf @GWRHelp This is at Guildford station @GWRHelp My apologies @GWRHelp @SW_Help maybe something you can look into?,GENERAL CUSTOMER SERVICE,ROUTE / TIMETABLE / STATION,"Live platform allocations and departure times are displayed on station screens and in the GWR app. Platforms are confirmed shortly before arrival, so please check the departure boards at the station.",False,False
GWR_000062,"@GWRHelp hi, I was just wondering if a bag has been handed in between Newport &amp; Salisbury today? The train departed Newport at 14:44 today",BAGGAGE / LOST PROPERTY,BAGGAGE / LOST PROPERTY,Passengers can bring up to 3 items of luggage free of charge (two larger items and one small bag). Overhead racks and luggage stacks at coach ends are available on all our trains.,False,True
GWR_000063,@GWRHelp what’s the deal with the train timetable today.. your app and trainline day very different arrival times into Bath https://t.co/9z44Z35WID,ROUTE / TIMETABLE / STATION,ROUTE / TIMETABLE / STATION,Timetables and route maps are available to download at www.gwr.com/timetables. You can also plan journeys and check live departures via the GWR app or National Rail Enquiries.,False,True
GWR_000064,"Fast train services going through, no mercy for Langley passengers. Need better connection to London from Langley station @GWRHelp",TRAIN DELAY / CANCELLATION,ROUTE / TIMETABLE / STATION,"If your train was delayed causing you to miss a connecting service, your ticket is valid on the next available train to your destination. Station staff will also be able to advise on alternative routes.",False,False
GWR_000065,"GWR trains seem to be taking an extremely liberal approach with their on-board WiFi... @GWRHelp https://t.co/qiwcDYNCuq @GWRHelp @675407 Great example of the importance of good copy and not relying solely on icons to convey context and meaning. A lesson for all designers! https://t.co/q2prStaEa4 @GWRHelp @675406 @675407 also red X on a redish background - they need to go back to HTML design school. @675406 @GWRHelp @675407 Bad choice of colours too! @GWRHelp @154962 @675407 But without the icons it doesn’t convey the right message. Design it so message makes sense if icons don’t load and it’s fail safe. @GWRHelp @675406 @154962 @675407 Just try English!  You are welcome to..., you are not welcome to.... @675406 @GWRHelp @154962 @675407 And even more important if you are sight-impaired, where images don’t necessarily convey semantics! @675409 @675406 @GWRHelp @675407 or at least make the whole thing visual :) https://t.co/ucYScX7rBo @154962 @675409 @675406 @GWRHelp @675407 Like this? https://t.co/CSwjH7Xhff @GWRHelp @675407 @651703 terrible design.",TECHNICAL / WEBSITE / APP,TRAIN / SERVICE INFORMATION,"We apologise for the issues with onboard facilities. Please send us a DM with your train time, origin/destination, and coach letter so our on-train and maintenance crews can be notified to resolve this.",False,False
GWR_000066,@GWRHelp Why are you so bad??????? https://t.co/p6Qq767SgU,TRAIN DELAY / CANCELLATION,OTHER,"Thank you for getting in touch with GWR. Please send us a direct message (DM) or reply with details about your journey, and our customer support team will be happy to assist you.",False,False
GWR_000067,"@GWRHelp Submitted compensation claim on 7th July, but still not received. On 16/9 you said cheque would arrive by end of Sept. Early Oct you said end of Oct. 8/11 you said 10 days. Today you tell me to ring back on Monday. @121428 pay within 14 days. @GWRHelp GWRR170707BZBC",REFUND / COMPENSATION,REFUND / COMPENSATION,"If your journey was delayed by 15 minutes or more, you can claim compensation under our Delay Repay scheme. Please submit a claim with a photo of your ticket within 28 days at www.gwr.com/delayrepay.",True,True
GWR_000068,Wow @121203 @GWRHelp you snazzified our trains! High St #Swansea is looking well classy! https://t.co/OYLGK2e21s,OTHER,OTHER,"Thank you for getting in touch with GWR. Please send us a direct message (DM) or reply with details about your journey, and our customer support team will be happy to assist you.",False,True
GWR_000069,Hi @GWRHelp. Was the 15:31 Totnes train late into Exeter St David’s this afternoon? Trying to locate a traveller who seems to have missed their connection to Axminster...,ROUTE / TIMETABLE / STATION,TRAIN DELAY / CANCELLATION,"I'm sorry for the delay to your journey today. Please check real-time departures on www.gwr.com or the GWR app for live updates. If your journey arrives 15 minutes or more late, you can claim compensation via our Delay Repay scheme at www.gwr.com/delayrepay.",False,False
GWR_000070,"@GWRHelp @127465 any chance in reducing the number of announcements? Many are pointless/long.AtTempleMeads regularly hear 5 separate @GWRHelp @127465 Announcements about single train when on platform. On some trains is just as bad. Actual useful info gets lost&amp;disrupts a peaceful journey. @GWRHelp @127465 Travelling in Italy over the summer &amp; difference in announcements on trains &amp; at stations was striking and made more a more pleasant journey @GWRHelp @589700 @127465 When they go on and on people just switch off and don't listen to them.  Can't people walk anywhere without falling over - No need to say @GWRHelp @127465 Hi, I don't doubt some are but are 4 or 5 platform announcements in 2-3 minutes necessary? Many airports are free of them! Are they unsafe? @GWRHelp @127465 The DfT's note on removing road signage clutter is interesting/comparable. Info overload can decrease safety. Ofcourse some are still needed",GENERAL CUSTOMER SERVICE,ROUTE / TIMETABLE / STATION,"Live platform allocations and departure times are displayed on station screens and in the GWR app. Platforms are confirmed shortly before arrival, so please check the departure boards at the station.",False,False
GWR_000071,"@GWRHelp Really disappointed with your service between Bridgend and Bristol TM today. No prior warnings of a replacement bus service. If I’d of known I would’ve gone in the car. Let down again by the “Great” British public transport system. @GWRHelp That’s not a good enough reply. Not everyone is going to check the website before travelling. It was a spontaneous decision to travel today. I was told nothing in the station ticket office, no announcements. “You should’ve check the website” is a terrible excuse. @748859 @GWRHelp Shouldn’t have to check your website, your staff should inform passengers before they board, that’s just common sense surely. What about older generations who don’t use the internet? @GWRHelp I’m really not satisfied at all with what you’re saying. When you’re backed into a corner about policy, you just palm me off onto another company. Really disappointed with your customer service. I will be looking into more formal avenues of complaining about this.",ROUTE / TIMETABLE / STATION,TRAIN DELAY / CANCELLATION,Rail replacement buses are operating on this route due to service disruption. Replacement buses usually pick up from the station front or designated bus bays. Please check station signage or speak to platform staff for exact pickup points.,False,False
GWR_000072,Hi @GWRHelp the ticket office is closed at my station. There are no machines. The train is to crowded to reach the train manager. Do I get a fine the other end for this? @139600 @GWRHelp This happened to me last week and it was ok there was no fine @464686 @GWRHelp Thanks. I've never encountered it before. I used season tickets for years. @GWRHelp @464686 Thanks Jordan. That is exactly what happened. I appreciate the reply.n,BOOKING / TICKETS,BOOKING / TICKETS,"For ticket purchases, amendments, or collection queries, please visit www.gwr.com or manage your booking via your GWR account. Feel free to DM us if you need specific booking assistance.",False,True
GWR_000073,"@GWRHelp please turn the heaters off on SVB line.  It gets packed and hot - we can't breathe.  We don't need heaters. @552112 @GWRHelp @GWRHelp  so yet again 2 coaches for btm to Cardiff on 17.20, what’s the reason tonight? Couldn’t be bothered to attach another one? @GWRHelp @552112 Always the same thing but I heard it’s all been about pushing the new trains out so engineers to fix older ones!!!!!",GENERAL CUSTOMER SERVICE,OTHER,"Thank you for getting in touch with GWR. Please send us a direct message (DM) or reply with details about your journey, and our customer support team will be happy to assist you.",False,False
GWR_000074,"Thanks @GWRHELP for not meeting us with a ramp Not going to get home for hour &amp; 1/2 instead of 20 mins. #Oxford #Didcot @GWRHelp No, but don't bother telling me it's best to book in advance we never know 1/2 @GWRHelp when my mum will be well enough to travel and even if we do it doesn't mean you'll get met. 2/2",ACCESSIBILITY / SPECIAL ASSISTANCE,BOOKING / TICKETS,"For ticket purchases, amendments, or collection queries, please visit www.gwr.com or manage your booking via your GWR account. Feel free to DM us if you need specific booking assistance.",False,False
GWR_000075,"Apologies to @GWRHelp staff at Filton abbey wood who wanted to check my ticket. It was with colleagues on the train at platform 3 #late @GWRHelp Here’s proof that I did indeed have a ticket! https://t.co/CC769asKQA @GWRHelp Nothing bad, my colleagues had ticket on assumption there were no barriers at Filton AW. Staff wanted to check ticket. Explained situation.. @GWRHelp ..as fast as I could as train was pulling into platform. Staff agreed to let me board. I looked a state as I had sprinted to get there !",BOOKING / TICKETS,TRAIN DELAY / CANCELLATION,"I'm sorry for the delay to your journey today. Please check real-time departures on www.gwr.com or the GWR app for live updates. If your journey arrives 15 minutes or more late, you can claim compensation via our Delay Repay scheme at www.gwr.com/delayrepay.",False,False
GWR_000076,@GWRHelp 6:52 st.davids to LND this morning delayed call me cilla black but surprise the rtn this evening also delayed £150 not well spent @GWRHelp should be the 19;45 from Paddington to st.davids just frustrating that not a single train I’ve been on this year has run to time,TRAIN DELAY / CANCELLATION,TRAIN DELAY / CANCELLATION,"I'm sorry for the delay to your journey today. Please check real-time departures on www.gwr.com or the GWR app for live updates. If your journey arrives 15 minutes or more late, you can claim compensation via our Delay Repay scheme at www.gwr.com/delayrepay.",False,True
GWR_000077,"@GWRHelp what an unpleasant experience on a packed train to London Paddington today.  How do you even get to the toilet?  Rammed, overcrowded, stressful - not like your Enid Blyton adverts at all!",GENERAL CUSTOMER SERVICE,TRAIN / SERVICE INFORMATION,"We apologise for the issues with onboard facilities. Please send us a DM with your train time, origin/destination, and coach letter so our on-train and maintenance crews can be notified to resolve this.",False,False
GWR_000078,"@GWRHelp your website is rubbish. I login in, try to book tickets. asks me to login, says I need to do a proper email address. login again, try to book same tickets, duplicates tickets. It now thinks I'm buying 3 lots of the same journey. WHAT. @GWRHelp i used @123241 instead.",TECHNICAL / WEBSITE / APP,BOOKING / TICKETS,"If you have not received your booking confirmation or collection reference, please check your spam/junk folder. You can also view your active bookings in your online GWR account. If you still need help, please DM us your registered email.",False,False
GWR_000079,No catering at all on v busy #London train - come on @GWRHelp - get the kettle on !! ☕️👎 @GWRHelp It was the Plymouth to London train - I joined it from Taunton at 7.18 and it was repeatedly announced no catering at all on board !,GENERAL CUSTOMER SERVICE,TRAIN / SERVICE INFORMATION,"We apologise for the issues with onboard facilities. Please send us a DM with your train time, origin/destination, and coach letter so our on-train and maintenance crews can be notified to resolve this.",False,False
GWR_000080,"Bring back the old trains!! I asked for an alcoholic beverage, then get told ‘we don’t give out hot water’ clearly something wrong with my West Country twang, then to be told no card payments!! 🤣🤣🤣 @141614 @GWRHelp",PAYMENT / CHARGES,PAYMENT / CHARGES,"If your payment was interrupted or declined, pending charges on your bank statement are usually temporary authorisations that will release within a few days. For contactless queries, please DM us with the journey date and card details.",False,True
GWR_000081,@GWRHelp on the 1918 from Paddington. Almost zero updates. Trains flashing by at 100mph but we’re stationary. If there really is a bridge strike issue why are other trains going past us? Dreadful handling of a problem.,TRAIN DELAY / CANCELLATION,OTHER,"Thank you for getting in touch with GWR. Please send us a direct message (DM) or reply with details about your journey, and our customer support team will be happy to assist you.",False,False
GWR_000082,1 hour and 20 minutes delayed train... this is not why I spend £200 odd on a train ticket each month 😠👎🏽 @GWRHelp https://t.co/yvPROWTDMq,TRAIN DELAY / CANCELLATION,TRAIN DELAY / CANCELLATION,"I'm sorry for the delay to your journey today. Please check real-time departures on www.gwr.com or the GWR app for live updates. If your journey arrives 15 minutes or more late, you can claim compensation via our Delay Repay scheme at www.gwr.com/delayrepay.",False,True
GWR_000083,@GWRHelp absolute joke. Newbury to London delayed 10min yesterday. 10mins today and it terminates in reading. Waste of money non service @GWRHelp Today it's the 10:57 to London yesterday it was the 07:47. Delays at Newbury are becoming increasingly frequent,TRAIN DELAY / CANCELLATION,TRAIN DELAY / CANCELLATION,"I'm sorry for the delay to your journey today. Please check real-time departures on www.gwr.com or the GWR app for live updates. If your journey arrives 15 minutes or more late, you can claim compensation via our Delay Repay scheme at www.gwr.com/delayrepay.",False,True
GWR_000084,"The award for the most shockingly slow/poor Wi-Fi goes to @GWRHelp Early morning, train is empty &amp; signal can barely power a 20w 💡#pointless https://t.co/12YPtnXa4o @GWRHelp No its not, I make this trip weekly &amp; service is always slow. If you’re going to provide a free service, make sure it’s up to the job!",TECHNICAL / WEBSITE / APP,TRAIN / SERVICE INFORMATION,"We apologise for the issues with onboard facilities. Please send us a DM with your train time, origin/destination, and coach letter so our on-train and maintenance crews can be notified to resolve this.",False,False
GWR_000085,"@GWRHelp Just wondering why a single from Swansea to Cardiff is £11 (ridiculous) with a 16-25 railcard?! I usually pay around £10 return😡 @GWRHelp Hi Rach, here - and this is with a railcard applied https://t.co/3CUCLqEYsy @GWRHelp Just did!! Nothing changed https://t.co/yEfT6yLup5 @GWRHelp ?? https://t.co/BWuBFCT7Z0 @GWRHelp I will but my mum just tried on her laptop and it says the exact same @GWRHelp Just cleared them and still got the exact same price (£11 and £11.10). Help please @GWRHelp Thanks. If I went to a ticket machine at the station, would it have the £7.35 price?",BOOKING / TICKETS,BOOKING / TICKETS,"For ticket purchases, amendments, or collection queries, please visit www.gwr.com or manage your booking via your GWR account. Feel free to DM us if you need specific booking assistance.",False,True
GWR_000086,Two platform alterations &amp; delays - now told to get London Paddington train. @GWRHelp seems every time I get a train it is a nightmare. 🙄😡 https://t.co/NSXD7yLebl @GWRHelp Oh Phil. A mere journey from Bristol to Bath. I’m nearly there. It’s been an ordeal. Thanks for ur support through these trying times. Xxxx @GWRHelp A girl can dream Phil. A girl can dream...,TRAIN DELAY / CANCELLATION,ROUTE / TIMETABLE / STATION,"Live platform allocations and departure times are displayed on station screens and in the GWR app. Platforms are confirmed shortly before arrival, so please check the departure boards at the station.",False,False
GWR_000088,"@GWRHelp day two of my attempts to use the train. The 708 is delayed till 758. What's the reason today please? @GWRHelp @GWRHelp in light of the cancellation of the 708 and the 732, is there realistically any hope of the 758 running? Need to know if it's worth waiting around",TRAIN DELAY / CANCELLATION,TRAIN DELAY / CANCELLATION,"I'm sorry for the delay to your journey today. Please check real-time departures on www.gwr.com or the GWR app for live updates. If your journey arrives 15 minutes or more late, you can claim compensation via our Delay Repay scheme at www.gwr.com/delayrepay.",True,True
GWR_000089,@GWRHelp is the 9.42 Oxford Marlybone train being held to wait for the late Bristol train please.,TRAIN DELAY / CANCELLATION,TRAIN DELAY / CANCELLATION,"I'm sorry for the delay to your journey today. Please check real-time departures on www.gwr.com or the GWR app for live updates. If your journey arrives 15 minutes or more late, you can claim compensation via our Delay Repay scheme at www.gwr.com/delayrepay.",False,True
GWR_000090,NO driver available for the 9. 02 to Paddington from Bristol Parkway  @GWRHelp is not acceptable management!,TRAIN DELAY / CANCELLATION,STAFF / SERVICE COMPLAINT,"We are very sorry to hear about your experience with our staff. We hold our teams to high professional standards. Please send us a DM with the date, time, station or service, and any staff details so we can refer this to station management.",False,False
GWR_000091,"@GWRHelp so, chaos for my ride into London this morning from Maidenhead and chaos trying to get back tonight from Paddington. 👿 @GWRHelp @311928 then why was your website saying it was by Ladbroke Grove!?! @GWRHelp why can't your driver apologise or even let us know what's going on? Been stopped for so long and when we do move it's so slow @GWRHelp should have been home by now and not even passed Southall",TRAIN DELAY / CANCELLATION,TECHNICAL / WEBSITE / APP,"We apologize for the technical issue with our app/website. Please check if you have the latest app update installed, or try completing your transaction via a web browser. If it persists, please DM us a screenshot of the error.",False,False
GWR_000092,"@GWRHelp I’m completely baffled by the continued active positive news flow about the Hitachi trains. Despite timetabled journey times longer than in the 1970s, it was still 40 minutes late and poured water everywhere. How on earth is this a positive step forward ?",TRAIN / SERVICE INFORMATION,TRAIN DELAY / CANCELLATION,"I'm sorry for the delay to your journey today. Please check real-time departures on www.gwr.com or the GWR app for live updates. If your journey arrives 15 minutes or more late, you can claim compensation via our Delay Repay scheme at www.gwr.com/delayrepay.",False,False
GWR_000093,"@GWRHelp Plan my weekend adventure? What on the weekend bus service because of engineering works? @GWRHelp No chance better to drive! Always late, always signal problems love to otherwise! @GWRHelp One that's always late @GWRHelp Back to work on Monday, booked on the 1044 from Plymouth for a 1800 flight from Heathrow 🤞🤞🤞 hope there are no delays due to storm Brian 🤣 @GWRHelp I hope it’s not 1st class because my experience was appalling @GWRHelp Totally ignored by staff. Asked 4 cup of tea, told “walk to the buffet car &amp; get it yourself” while 5 staff chatted. I complained, pointless @GWRHelp GWR, got a response 6 months later saying my email went into spam 🙄 @GWRHelp Side bar - service has improved but ...short trains at peak times. Really 😳. Always crowded. Always 😡. New carriages are nice 👍🏾. @GWRHelp The adventure being find a seat because there are no reservations. @GWRHelp If by adventure you mean hovering above a biological hazard (your toilet) yesterday.. Clean your toilets instead of making expensive adverts @GWRHelp Well, that was as useful as a chocolate fire guard Phil. So basically, deal with it, yeah? There was no guard on the train. @GWRHelp £60 on a train for this. https://t.co/JFadg4zbrF @GWRHelp Well I’m glad they “get cleaned overnight” that truly makes up for the thousands of people that use and block them during the day 🙄 @GWRHelp Your apology means nothing to me, I’m afraid, let’s be honest, you couldn’t care less. Your name may have changed..same old shitty service. @GWRHelp As for the guard, I couldn’t see, nor was I approached by 1. I highly doubt, from experience of said guards, they’d get busy with a plunger @GWRHelp Well I’ve never, ever seen one. Are they disguised like Air Marshals? @GWRHelp Well, I won’t hold my breath Phil, for fear I would die. (A bit like using your toilets). @GWRHelp You were a lot of help to the disabled passenger stuck on Chippenham station last night as the lift was closed! @GWRHelp Chippenham Street Pastors will be complaining I believe as they helped the lady in the absence if GWR staff @GWRHelp Is this advert saying no dogs, like find the dog other means for the same journey? Is it? @GWRHelp The dog is with the family as the train journey start but see like he is everywhere but on the train till reunited with family, no.? @GWRHelp Just me thinking is it a subtle message to say not suitable for dogs? @GWRHelp Got any new trains yet? @GWRHelp Oh dear they don't work though do they #bringbackbritishrail @GWRHelp more seats, more trains and more bullshit from GWR.  That advert is completely removed from reality.  Try the 0744 from trow to bristol @GWRHelp Yeah you've been saying that for the last ten years and nothing has changed. @GWRHelp See my point on the advert though? @GWRHelp Good advert. Evokes that spirit of adventure, which was in abundance tonight. Can I claim my taxi fare home for the cancelled train? @GWRHelp Trying to book seats from Reading to Swansea on Jan 2nd and the website not playing ball 🙈 @GWRHelp Are dogs allowed on the rail replacement bus service? @GWRHelp Hi, Rach. Many thanks for clarifying. Just one more thing ... do dogs need a special ticket to get on the train/bus? @GWRHelp appropriate you've gone with retro look because on recent trip to Cornwall your wifi performed like it was being beamed in from the 1950s! @GWRHelp yes - from slow to really sloooow! @GWRHelp Trying to but there don’t seem to be any trains from London to Stroud on 3 December- finding a train seems to be the adventure @GWRHelp This is 740% better than any Christmas advert this year. Well done. @GWRHelp It's really lovely. Who did the animation? @GWRHelp Thankyou Natalie, it's charming. @GWRHelp Maybe future ads can have some people who aren't white, that would be a cool adventure @GWRHelp The original book did have Rromani &amp; Jewish ppl. (They were just villains. Bc the original books. were racist.) @GWRHelp But I also I get you didn't make the ad, Josh, sorry for being kinda caustic, but not sorry for the content if it means you pass that feedback along to the advertising dept",OTHER,TRAIN DELAY / CANCELLATION,Rail replacement buses are operating on this route due to service disruption. Replacement buses usually pick up from the station front or designated bus bays. Please check station signage or speak to platform staff for exact pickup points.,True,False
GWR_000094,@GWRHelp Kingham station is listed as a place to collect pre paid tickets on your site but there is no ticket machine there and the ticket office doesn't open all day. This should be removed as an option. @GWRHelp That is not clear anywhere. I would have expected a penalty fare if I didn't have tickets. I also didn't know that you can collect them from any machine even though you have to choose one on the Web site. @GWRHelp The ticket office is also closed most of this week which should be reflected in the list of collection points. @265107 @GWRHelp Depends which website you use. Some do actually say tickets can be picked up from any station. Some even say if station machines are broken then you can travel with the print out and pick up at next working station .,BOOKING / TICKETS,BOOKING / TICKETS,"If you have not received your booking confirmation or collection reference, please check your spam/junk folder. You can also view your active bookings in your online GWR account. If you still need help, please DM us your registered email.",True,True
GWR_000095,"@GWRHelp Hi, I have pre booked tickets for the 15.21 Cardiff Cent to Swindon train but on your website it's not showing, can you advise? @GWRHelp Hi Natalie, yes traveling today. The ticket says 15.21, I can see the 15.26 online. I'm worried as the 15.21 I have has seats booked. @GWRHelp I've had to buy new tickets for the 15.26 train today, so with my 15.21 tickets, as the were booked in advance, can I still get a refund?",BOOKING / TICKETS,BOOKING / TICKETS,"Seat reservations are available on most long-distance GWR services. If you hold a flexible ticket, reservations are optional. You can reserve or amend a seat reservation at any station ticket office or by contacting us via DM.",True,True
GWR_000096,@GWRHelp @121203 NO CALLBACK as promised by three ‘customer service’ operators!! #badcustomerservice @418 @417,GENERAL CUSTOMER SERVICE,GENERAL CUSTOMER SERVICE,"Thanks for contacting GWR. Please let us know how we can assist you today, or send us a DM with your journey details.",False,True
GWR_000097,"This isn't really a window seat, isn't it @gwrhelp? https://t.co/5c7JxQDorK @GWRHelp That's not the issue. This should not be allocated when you book as a window seat.",BOOKING / TICKETS,BOOKING / TICKETS,"Seat reservations are available on most long-distance GWR services. If you hold a flexible ticket, reservations are optional. You can reserve or amend a seat reservation at any station ticket office or by contacting us via DM.",False,True
GWR_000098,"@GWRHelp Hi, what train will be on the first Bristol train from Weymouth tomorrow (18th Nov) and what trips will the SWT branded 158885 that you have be on ? Thankyou @GWRHelp It’s usually the same train that does the 2313 into Weymouth. Would you be able to find out what’s running on that tonight please?",TRAIN / SERVICE INFORMATION,OTHER,"Thank you for getting in touch with GWR. Please send us a direct message (DM) or reply with details about your journey, and our customer support team will be happy to assist you.",False,False
GWR_000099,"@GWRHelp just booked 3 journeys to Worcester in December. £150. Need to book 4 more in Jan. Same services. Would total over £280!!! WHY? @GWRHelp Monday 6.52am Paddington to Worcester Foregate, returning 17.28 on fridays. Same journey. Average £20 more per journey in Jan. @GWRHelp a) Why not? And b) When will they be? And c) is this just a way of squeezing more cash out of people? @GWRHelp So how come I CAN book this journey on several websites but for the highest price only? Seems a little devious. @GWRHelp but WHY? I'm booking dozens of journeys and find this very frustrating.",BOOKING / TICKETS,BOOKING / TICKETS,"For ticket purchases, amendments, or collection queries, please visit www.gwr.com or manage your booking via your GWR account. Feel free to DM us if you need specific booking assistance.",False,True
GWR_000100,"@GWRHelp Excellent service in 1st class on the 16.04 from Plymouth to Reading this afternoon. Well done to the chap with the trolley #polite @GWRHelp @GWRHelp Hello again. I'm on your train from Gatwick to Reading. It arrives at 18.26. The Plymouth train I need leaves at 18.31. Very tight. @GWRHelp I have to get from platform 1 to Platform 7. I think that's a fair distance. I'll speak to the conducter on this train. Thanks. @GWRHelp Ok thanks. The conducter reckons we'll arrive at 5 or 6 anyway, which are near 7. I'm moving to the front of the train too. @GWRHelp Made it, thanks to the conducter on the Reading train, really helpful. Thanks. @GWRHelp Also the train manager has allowed me to use the ticket for the later train. GWR seem to know how to look after customers really well.",ROUTE / TIMETABLE / STATION,ROUTE / TIMETABLE / STATION,"Live platform allocations and departure times are displayed on station screens and in the GWR app. Platforms are confirmed shortly before arrival, so please check the departure boards at the station.",False,True
GWR_000101,"Great stuff @GWRHelp looking out for the safety of a woman with a peanut allergy on board the 10.30 redruth to London today. https://t.co/QNLbMLX31J @GWRHelp They are all doing it ongoing, whole team effort to keep one very vulnerable passenger safe. We are all impressed.",OTHER,TRAIN / SERVICE INFORMATION,"For information regarding onboard amenities, carriage formations, and services, please visit www.gwr.com/onboard or ask your train manager during your journey.",False,False
GWR_000102,"@GWRHelp 09.15 to Slough - cancelled, 09.35 not calling at Slough , 09.45 - cancelled. You're an absolute joke of a company. @GWRHelp Yes , no trains to slough from 08.40 to 10.15. is this an acceptable service for GWR?",TRAIN DELAY / CANCELLATION,TRAIN DELAY / CANCELLATION,"I am very sorry that your train has been cancelled. Your ticket is valid on the next available GWR service on the same route. If you choose not to travel due to the cancellation, you are entitled to a full fee-free refund from your point of purchase.",True,True
GWR_000103,"Hi @GWRHelp - My friend @117197 tweeted this to you yesterday &amp; again today. Still awaiting a reply. This is a journey we are making together. Please give a response soonest. https://t.co/zRLWWTXQsX @GWRHelp @233485 Hooray! @117197 @GWRHelp Lewis? Are you still working on this? @GWRHelp @117197 Thanks Phil. I think there's a valid case for your site to show all possible routes/fares &amp; then the customer can select the one they want 1/2 @GWRHelp @117197 The site displaying the ones that it ""thinks"" the customer would most likely want/use means missing out on good deals - Would be good if you could feed this back? 2/2 @GWRHelp @233485 Thanks for your help Phil, and to Lewis. My overriding feeling is that it should show the passenger all options and it be up to them. @233485 @GWRHelp Said it better than me! @GWRHelp @233485 Thanks Phil. Same applies to an All Zones Travelcard. Available via NRE website but not yours that I can see. @GWRHelp @233485 You’re quite right Phil, apologies!",BOOKING / TICKETS,TECHNICAL / WEBSITE / APP,"We apologize for the technical issue with our app/website. Please check if you have the latest app update installed, or try completing your transaction via a web browser. If it persists, please DM us a screenshot of the error.",False,False
GWR_000104,@GWRHelp I have experience awful delays today and it really isn't acceptable. This morning I was delayed about 45 mins from Wolre to bath @GWRHelp GWR ? @GWRHelp The time it was ment to leave was 6.31 from worle bath direct expected to get in at 7.11 this morning. @GWRHelp It was about 20 mins late to worle. Then it stopped at temple meads and they couldn't repair or so had to wait for another train to bath @GWRHelp It wasn't 5 minutes late,TRAIN DELAY / CANCELLATION,TRAIN DELAY / CANCELLATION,"I'm sorry for the delay to your journey today. Please check real-time departures on www.gwr.com or the GWR app for live updates. If your journey arrives 15 minutes or more late, you can claim compensation via our Delay Repay scheme at www.gwr.com/delayrepay.",False,True
GWR_000105,@GWRHelp what's the point of free WiFi if you can never get on it?! https://t.co/F1MMa2TYhX @GWRHelp Was 20.45 PAD to Bristol TM. But I have either not been able to connect or get any internet connection on any train and I travel weekly @GWRHelp Doesn't work... https://t.co/kyrOUQgaiW @GWRHelp And neither from my laptop... https://t.co/EF9u002Ccq @GWRHelp 17.30 from PAD to BRI @GWRHelp Wifi never works &amp; I travel to London weekly! Staff always say too many people using it - need to build more capacity as it's useless,TECHNICAL / WEBSITE / APP,TRAIN / SERVICE INFORMATION,"We apologise for the issues with onboard facilities. Please send us a DM with your train time, origin/destination, and coach letter so our on-train and maintenance crews can be notified to resolve this.",False,False
GWR_000106,"Thanks for running a 7 coach service this morning @GWRHelp. Totally rammed. @GWRHelp Left Reading at around 8am. There has been a marked increase in 7 car trains in the last few weeks. @GWRHelp @331754 Its not ""more than usual"" if its the norm.",GENERAL CUSTOMER SERVICE,TRAIN / SERVICE INFORMATION,"We try to run all trains with their scheduled number of carriages, but short formations can occur when rolling stock undergoes urgent maintenance. We are sorry for the crowding and inconvenience this caused.",False,False
GWR_000107,@GWRHelp c.spa to ldn been told to go b'ham then Euston. Are tickets valid on Virgin trains from Birmingham? @GWRHelp Fab thanks Phil.,BOOKING / TICKETS,BOOKING / TICKETS,"For ticket purchases, amendments, or collection queries, please visit www.gwr.com or manage your booking via your GWR account. Feel free to DM us if you need specific booking assistance.",False,True
GWR_000108,"@GWRHelp have tkt for swi-pad tonite, how do we get there departing swin approx 2000hrs pls?",ROUTE / TIMETABLE / STATION,OTHER,"Thank you for getting in touch with GWR. Please send us a direct message (DM) or reply with details about your journey, and our customer support team will be happy to assist you.",False,False
GWR_000109,Congrats @GWRHelp 4 getting yr IEP trains into service today -  a coffee at B'ham More St this morning is nearest I'll get to GWR today https://t.co/bI9llB9VGj,OTHER,OTHER,"Thank you for getting in touch with GWR. Please send us a direct message (DM) or reply with details about your journey, and our customer support team will be happy to assist you.",False,True
GWR_000110,"Sprinting across King’s Cross, I made my connection with seconds to spare. Now to try to recover from the asthma attack courtesy of @GWRHelp @GWRHelp Hi Jordan. The 15:13 from Bath Spa to Paddington, though to be honest it makes little difference. Every train is delayed, these days. @GWRHelp Thanks, Jordan. I appreciate that there’s nothing you personally can do about it, but I’m sick to death of the dismal service GWR offer.",TRAIN DELAY / CANCELLATION,TRAIN DELAY / CANCELLATION,"I'm sorry for the delay to your journey today. Please check real-time departures on www.gwr.com or the GWR app for live updates. If your journey arrives 15 minutes or more late, you can claim compensation via our Delay Repay scheme at www.gwr.com/delayrepay.",False,True
GWR_000111,@GWRHelp leaving us minus 2 carriages with 12 people stood in a tiny middle section. Brilliant. @GWRHelp 2.18 Bath Spa to London Paddington thanks Phil,GENERAL CUSTOMER SERVICE,OTHER,"Thank you for getting in touch with GWR. Please send us a direct message (DM) or reply with details about your journey, and our customer support team will be happy to assist you.",False,False
GWR_000112,"@GWRHelp @GWRHelp any update when the trains to paddington are departing reading? @GWRHelp Any ideas on when it will be fixed or moved? Currently on a train back from Bristol and stopped stock still near Newbury apparently because of this. Thanks! @GWRHelp Any indication on how long until the line is cleared? Trying to decide to try and find an alternative route from West Drayton @GWRHelp Any update? @GWRHelp At Slough station, any more news? And what is the terms for compensation? Thanks @GWRHelp @GWRHelp any update on eta please.... say at West Drayton and need to decide whether to take an alternate route which will take longer.... @GWRHelp @259491 The Waterloo line from reading isn’t operating this weekend though? It says we’d have to change at Paddington (which obviously we can’t get to)? @GWRHelp Any update when any trains are leaving Paddington? Waiting to get to Bristol and no updates at station and now even the train times have gone offline! @GWRHelp  https://t.co/op2ZWTxYJD @GWRHelp Is paddington line clear yet please ? @GWRHelp @242981 En-route or there? Matey in the announcers box at Paddington has been telling us he’s been there the last hour. So which is it? @GWRHelp What’s the update please? Can’t get on any alternative route at Reading as it’s rammed @GWRHelp How does one knackered freight train bring all the lines into and out of Paddington to a halt? @GWRHelp Currently at Reading station. Do you know when the next station to Paddington will be? @GWRHelp Not sure how that helps as all trains from Reading to Bristol surely originate from temple meads and show as cancelled! @GWRHelp I meant originate from Paddington @GWRHelp Stuck at Paddington wanting to go to goring  ? Stick or go to waterloo @GWRHelp Hi, I have an advance single for the 2004 from slough to Plymouth via reading. In view of the issues tonight can this ticket be used on an earlier train from reading to Plymouth? (And are the trains from reading to the sw running?) @GWRHelp So now we’re terminating at reading - how do I get to London?? @GWRHelp Hi Jordan, I have got a bus to complete my journey. Will I be able to claim any compensation? Thanks @GWRHelp Here's a revolutionary idea- any chance of a replacement bus for those travelling psr reading? Currently looking at a 5hr journey if we take the recommended route all round the houses... @GWRHelp The queue to change tickets is abysmal,if I go to the station tomorrow can I change my ticket to a route tomorrow instead of waiting in the hell that is Paddington tonight? Thanks 🙏🏻 @GWRHelp So you have no trains AND no buses running? Good job you're a transport company 👍🏻 @GWRHelp This has meant that what should have been a 2.5 hour journey will now be close to 5. Can you advise how I can get a refund on my tickets?? @GWRHelp No contingency though. Poor planning! @259968 @GWRHelp What contingency could they have right now? @122146 @GWRHelp @242981 Engineers got sent when I was first at Paddington at 3:30 - Everyone’s been sat on the floor for over two hours with staff not having a clue what’s been going on... @GWRHelp Thanks. However there is no way of getting to these stations directly. We have to get another train to Basingstoke then to Waterloo. Yet the trains are too packed for most people to get on. We've been at Reading station for over an hour with no available trains. @GWRHelp Any update on when the line will reopen to London Paddington? Also why when there is more than one line does a broken down train  close all the lines? @GWRHelp @259485 Apparently they said that 2 hours ago. @259481 @122146 @GWRHelp @242981  https://t.co/GcKptQxxDi @259125 @259968 @GWRHelp Buses @GWRHelp Thanks. I bought two tickets for myself and another person - they obviously have different ticket numbers but my contact details will be the same for both. Is that ok? @131631 @259968 @GWRHelp They can't have buses at the ready at any point in time incase something goes tits up. Sourcing buses for the amount of passengers that exist on this route would also take hours, as availability from bus companies is severely limited. @GWRHelp I’ve met 7 lovely people and we’re getting a cab to London from Reading. Where shall I send my expenses? https://t.co/snRrEdF7a0 @GWRHelp And are there trains from reading to goring on Thames ? @GWRHelp Trying to get back to the south-west (taunton) from Paddington. Can you tell us what will be the best option please? @GWRHelp  planning alternative arrangements. Will my ticket be valid tomorrow? @259125 @259968 @GWRHelp When you have only two lines working yes you can. Other rail companies manage this too. I know a thing or two about it and reading buses could easily get people in within a couple of hours. They knew they had a single point of failure @GWRHelp Why has this apparently only just been conveyed to our driver? Had we known this before we set out on our journey, we could have planned accordingly. Instead, we have stopped in the middle of nowhere with no real information. @GWRHelp @259976 They bloody better be. Im going from Waterloo via Basingstoke to Reading. @GWRHelp Also - please stop telling people to go to Waterloo. There are no trains there from Reading today. @GWRHelp @260837 Just turn up and get on one and then defy the guard to argue with you. Assuming you can actually find any staff. They’ll all be “out of position” because of the delays @GWRHelp @259485 Pardon?! Marylebone from reading? When did that service start? @GWRHelp @259485 @27663 Good luck! @259486 @GWRHelp @259485 Is that a diversion that is being put on? Where can we access info about this? @259487 @GWRHelp @259485 It doesn’t exist. From reading, you either have to get an Oxford train or a Basingstoke train and change at either station for london. They’re saying that tickets are valid @GWRHelp do we get refund if delayed due to the freight train? @GWRHelp Thanx for prompt reply - 1st advance single Bath to London @260487 @GWRHelp Drivers on rest, had a few beers can’t work? Busy with families? Sunday is a difficult day. Would you go in if work rang you now? @124607 @GWRHelp I'm sure all these people would love to spend Sunday evening with their family and beers too, but unfortunately have been stuck here for 3 hrs. Maybe even a work emergency they can't get to? Don't offer services on a sunday if you can't deliver it due to staff constraints... https://t.co/TkBn1ll6Va @GWRHelp Ive had to get a train from Reading to Basingstoke - rammed, standing room only and now a train from Basingstoke to Waterloo (sat on the floor as my sprained ankle can’t take it anymore!). Compensation claim is IN! @260487 @133437 @124607 @GWRHelp Where's that? @251821 @133437 @124607 @GWRHelp London Paddington. All services have been cancelled for the last 3 hrs @GWRHelp Thank you so much,👍🏻 you must be dealing with a tonne of complaints so I appreciate your swift reply 🙌🏻 @259125 @131631 @GWRHelp My point is that risking the entire West of England network for a Sunday on a single point of failure without contingency is inept management. @GWRHelp Jokes bruv, just like the contingency plan for 1 broken down train. Creating hassle, cost and confusion for 1000s. @GWRHelp @259492 @259491 I think the confusion Lewis was in you saying ""from Reading using South Western Railway"", instead of GWR to Guildford, then SWR?",OTHER,TRAIN DELAY / CANCELLATION,Rail replacement buses are operating on this route due to service disruption. Replacement buses usually pick up from the station front or designated bus bays. Please check station signage or speak to platform staff for exact pickup points.,True,False
GWR_000113,"@GWRHelp order 2x lots of tickets online on 29/09/2017 and still not arrived, what should I do ?? @GWRHelp Have replied privately",BOOKING / TICKETS,BOOKING / TICKETS,"For ticket purchases, amendments, or collection queries, please visit www.gwr.com or manage your booking via your GWR account. Feel free to DM us if you need specific booking assistance.",False,True
GWR_000114,@GWRHelp is the 06:28 from didcot-Pad cancellation a regular thing now? 3 times in 2 weeks. 6:47 really busy. @GWRHelp 4 out of last 10 work days service cancelled.broken train again? That’s 40% failure rate for this service and no refund  for season tickets @GWRHelp How many more times will you make me late for work with this?No tweet ancmnt either.I don’t buy your reason for cancellation  either.,TRAIN DELAY / CANCELLATION,TRAIN DELAY / CANCELLATION,"I am very sorry that your train has been cancelled. Your ticket is valid on the next available GWR service on the same route. If you choose not to travel due to the cancellation, you are entitled to a full fee-free refund from your point of purchase.",True,True
GWR_000115,Here at Bristol for the @GWRHelp 0600 to Padd. The first public run of @154173 IEP Class 800s. https://t.co/QUyRE0tVs1 @GWRHelp @315824 @154173 A sign of things to come......25 late off Bristol TM,TRAIN DELAY / CANCELLATION,TRAIN DELAY / CANCELLATION,"I'm sorry for the delay to your journey today. Please check real-time departures on www.gwr.com or the GWR app for live updates. If your journey arrives 15 minutes or more late, you can claim compensation via our Delay Repay scheme at www.gwr.com/delayrepay.",False,True
GWR_000116,"@GWRHelp how can you tell passengers at Bristol that the 17:22 won’t be stopping at Bath due to the short formation of the train, but it does actually stop there. Deliberately lying to customers diverting them to the 17:30 Paddington service. What a disgrace. #gwr @GWRHelp I totally understand what you were trying to do, but you deliberately lied. You told passengers that the train would not stop at Bath when it was always going to. How does that fit with your passenger charter? #gwr",GENERAL CUSTOMER SERVICE,TRAIN / SERVICE INFORMATION,"We try to run all trains with their scheduled number of carriages, but short formations can occur when rolling stock undergoes urgent maintenance. We are sorry for the crowding and inconvenience this caused.",False,False
GWR_000117,@GWRHelp hi im trying to plan my trip to London on 18th nov from Cardiff and coming back on 19th. Nov. You still unsure re engineer work? @GWRHelp Sorry paddington @GWRHelp This this is for Saturday and Sunday? @GWRHelp Thanks,TRAIN / SERVICE INFORMATION,OTHER,"Thank you for getting in touch with GWR. Please send us a direct message (DM) or reply with details about your journey, and our customer support team will be happy to assist you.",False,False
GWR_000118,"@GWRHelp Hey! The last couple of days the 5.15 pm service from Oldfield Park to Gloucester has had three carriages instead of the usual two. Thank you, it's a massive improvement! Can I expect this to be the new norm? 🤞 @726978 @GWRHelp That used to make my day when I was commuting. So much better. @58063 @GWRHelp You can say that again. Today I even have a seat, two days ago several passengers had to wait for the next train (in an hour) while the rest of the passengers got to enjoy an involuntary group cuddle! @GWRHelp It's back down to 2 today. More repairs happening? @GWRHelp Thanks for the update, appreciate it. Can I expect a 2-carriage service until next year?",TRAIN / SERVICE INFORMATION,TRAIN / SERVICE INFORMATION,"We try to run all trains with their scheduled number of carriages, but short formations can occur when rolling stock undergoes urgent maintenance. We are sorry for the crowding and inconvenience this caused.",False,True
GWR_000119,Why do I get this bizarre awful web app in place of the native app when I search for trains sometimes? @GWRHelp @GWRHelp It’d be helpful if it didn’t default to invalid terms. Arrive before makes no sense at all. Thanks https://t.co/Jcq46y4GPE,TECHNICAL / WEBSITE / APP,TECHNICAL / WEBSITE / APP,"We apologize for the technical issue with our app/website. Please check if you have the latest app update installed, or try completing your transaction via a web browser. If it persists, please DM us a screenshot of the error.",False,True
GWR_000120,@GWRHelp Hey! Need to get back from Gatwick Tiz Dorking. Previous 2 trains cancelled. Any advice on best way to get back home? @GWRHelp Any idea how likely it is to be cancelled? I’ve just been chucked off a train last minute as it’s no longer calling at Redhill.... just want to get home.,TRAIN DELAY / CANCELLATION,TRAIN DELAY / CANCELLATION,"I am very sorry that your train has been cancelled. Your ticket is valid on the next available GWR service on the same route. If you choose not to travel due to the cancellation, you are entitled to a full fee-free refund from your point of purchase.",True,True
GWR_000121,"@GWRHelp Hi, what platform is the 9.37 train from Slough to Reading? @GWRHelp thank you :) could you also tell me which platform i will be pulling up to at Reading? And which platform is to Gloucester (10.03)",ROUTE / TIMETABLE / STATION,ROUTE / TIMETABLE / STATION,"Live platform allocations and departure times are displayed on station screens and in the GWR app. Platforms are confirmed shortly before arrival, so please check the departure boards at the station.",False,True
GWR_000122,@GWRHelp Will the 17.48 from Cheltenham Spa to Great Malvern be running? Currently delayed and slightly concerned!,TRAIN DELAY / CANCELLATION,TRAIN DELAY / CANCELLATION,"I'm sorry for the delay to your journey today. Please check real-time departures on www.gwr.com or the GWR app for live updates. If your journey arrives 15 minutes or more late, you can claim compensation via our Delay Repay scheme at www.gwr.com/delayrepay.",False,True
GWR_000123,@GWRHelp yep ticket machine at melksham is out of service again,BOOKING / TICKETS,BOOKING / TICKETS,"For ticket purchases, amendments, or collection queries, please visit www.gwr.com or manage your booking via your GWR account. Feel free to DM us if you need specific booking assistance.",False,True
GWR_000124,"@GWRHelp fare jumpers currently hiding in loos, coach 6or 7, 17:10 from Burnham to paddington",GENERAL CUSTOMER SERVICE,TRAIN / SERVICE INFORMATION,"We try to run all trains with their scheduled number of carriages, but short formations can occur when rolling stock undergoes urgent maintenance. We are sorry for the crowding and inconvenience this caused.",False,False
GWR_000125,Going to Bristol. Seat reservation for carriage C. There is no carriage C. What's that about @GWRHelp? @GWRHelp 9.15 to Cardiff @GWRHelp Well it would have been helpful to tell people that. No announcement at station or in train.,TRAIN / SERVICE INFORMATION,TRAIN / SERVICE INFORMATION,"We try to run all trains with their scheduled number of carriages, but short formations can occur when rolling stock undergoes urgent maintenance. We are sorry for the crowding and inconvenience this caused.",False,True
GWR_000126,@GWRHelp thanks for wrongly advertising 17:57 Reading to Slough. Ended up in London with quite a few others. Not happy not acceptable. @GWRHelp Really? Tell the other people told at Paddington late runner put ahead. Not what it said on screens at top of stairs @GWRHelp Finally. Although missed appt due to this.,TRAIN DELAY / CANCELLATION,TRAIN DELAY / CANCELLATION,"I'm sorry for the delay to your journey today. Please check real-time departures on www.gwr.com or the GWR app for live updates. If your journey arrives 15 minutes or more late, you can claim compensation via our Delay Repay scheme at www.gwr.com/delayrepay.",False,True
GWR_000127,"@9540 just waiting for the 1754 from Swindon to leave. It's possible the doors might close. #overcrowding @GWRHelp It was 3yrs ago &amp; this thread had @gwrhelp trailing new trains for Swindon-&gt;chelt. New trains here now, but just as bloody overcrowded @GWRHelp for an old train it’s impressively new and shiny, even got that new train smell. I’ll be more patient tho",GENERAL CUSTOMER SERVICE,OTHER,"Thank you for getting in touch with GWR. Please send us a direct message (DM) or reply with details about your journey, and our customer support team will be happy to assist you.",False,False
GWR_000128,@GWRHelp why has the 8.22 from Taplow been late every day since you changed the time from 8.18? I assumed you did that so it didn’t look as late (always arrived after 8.20 anyway!) but you’ve made it way worse somehow?!,TRAIN DELAY / CANCELLATION,TRAIN DELAY / CANCELLATION,"I'm sorry for the delay to your journey today. Please check real-time departures on www.gwr.com or the GWR app for live updates. If your journey arrives 15 minutes or more late, you can claim compensation via our Delay Repay scheme at www.gwr.com/delayrepay.",False,True
GWR_000129,"After a full working day, this is turning out to be a n'mare journey. @GWRHelp - what's going on with the line to Taunton? Im cold n tired @GWRHelp - delayed 20.35 from Paddington. Train manager doing a sterling job of keeping us posted and walking the train. Still a pain tho!",TRAIN DELAY / CANCELLATION,TRAIN DELAY / CANCELLATION,"I'm sorry for the delay to your journey today. Please check real-time departures on www.gwr.com or the GWR app for live updates. If your journey arrives 15 minutes or more late, you can claim compensation via our Delay Repay scheme at www.gwr.com/delayrepay.",False,True
GWR_000130,Felly @GWRHelp maw dwyiethrwydd yn iawn yng Nghernyw a Llundain (gorsaf Southall) ond nid yng Nghymru. Pam ydych ein trin ni fel ail-ddosbarth? @95967 https://t.co/AWsjHRMPV4 @GWRHelp @95967 @120244 Chi wedi methu'r pwynt yn llwyr Jordan bach! O'n i'n sôn am yr awydd am ddwyieithrwydd yn cyffredinol. Dydy'r Welshman ddim yn gair Cymraeg. A'r ffaith bod @120244 wedi hoffi'ch ateb yn gweud y cyfan! @705807 @GWRHelp @95967 Haia David. Flin am unrhyw gamddealltwriaeth. 'Dyn ni wedi ymrwymo i ddarparu gwybodaeth yn y Gymraeg. Mae gwybodaeth yn ein Siarter - https://t.co/rDiGQr96mi ^Nia,GENERAL CUSTOMER SERVICE,OTHER,"Thank you for getting in touch with GWR. Please send us a direct message (DM) or reply with details about your journey, and our customer support team will be happy to assist you.",False,False
GWR_000131,"@GWRHelp fantastic new experience on #newgwrtrains, first its 20+ mins late out of Paddington and then it breaks down at reading",TRAIN DELAY / CANCELLATION,TRAIN DELAY / CANCELLATION,"I'm sorry for the delay to your journey today. Please check real-time departures on www.gwr.com or the GWR app for live updates. If your journey arrives 15 minutes or more late, you can claim compensation via our Delay Repay scheme at www.gwr.com/delayrepay.",False,True
GWR_000132,"@GWRHelp a colleague of mine had his train cancelled, then travelled out on another one which was constantly delayed due to one engine, most of the journey he had to stand. How does he claim compensation if his ticket was taken by the barrier? @GWRHelp I was told London Paddington to Bristol Temple Meads 23rd November 18:45 @GWRHelp It was booked through a travel booking agency @GWRHelp Yeh an email confirmation he'll have from the booking company @GWRHelp Thank you Rachel",REFUND / COMPENSATION,TRAIN DELAY / CANCELLATION,"I am very sorry that your train has been cancelled. Your ticket is valid on the next available GWR service on the same route. If you choose not to travel due to the cancellation, you are entitled to a full fee-free refund from your point of purchase.",True,False
GWR_000133,@GWRHelp Not a great start for these new trains guys. 0700 from Padd to Bristol. Late from the depot again. Last time it was only 5 coaches. 8.17 at CPM was rammed full already. @GWRHelp Which one will get here first Lol.. . https://t.co/uygi3dsVjE @GWRHelp I'm on the 0843 out CPM now. Late and cold. But then I'm not the only one. Puzzled wrt what happened to the previous train?,TRAIN DELAY / CANCELLATION,TRAIN DELAY / CANCELLATION,"I'm sorry for the delay to your journey today. Please check real-time departures on www.gwr.com or the GWR app for live updates. If your journey arrives 15 minutes or more late, you can claim compensation via our Delay Repay scheme at www.gwr.com/delayrepay.",False,True
GWR_000134,@GWRHelp Why has the 6:44 from Reading to London been cancelled again? Twice this week !!,TRAIN DELAY / CANCELLATION,TRAIN DELAY / CANCELLATION,"I am very sorry that your train has been cancelled. Your ticket is valid on the next available GWR service on the same route. If you choose not to travel due to the cancellation, you are entitled to a full fee-free refund from your point of purchase.",True,True
GWR_000135,"""Congestion""? So we left on time and all the trains are passing us in &amp; out of PAD. Not looking forward to another missed connection. 18:42 to MAI @GWRHelp @GWRHelp Bourne End connection @GWRHelp Appreciate that but now the straight through trains have gone connections are being missed more often than not. Wasted return ticket + taxi cost #nothappy",TRAIN DELAY / CANCELLATION,BOOKING / TICKETS,"For ticket purchases, amendments, or collection queries, please visit www.gwr.com or manage your booking via your GWR account. Feel free to DM us if you need specific booking assistance.",True,False
GWR_000136,@GWRHelp  every single time the train is delayed it gets terminate at Shrub Hill yet they never tell us before we board the train. (2/2),TRAIN DELAY / CANCELLATION,TRAIN DELAY / CANCELLATION,"I'm sorry for the delay to your journey today. Please check real-time departures on www.gwr.com or the GWR app for live updates. If your journey arrives 15 minutes or more late, you can claim compensation via our Delay Repay scheme at www.gwr.com/delayrepay.",False,True
GWR_000137,@GWRHelp morning.  What's happening between frome grime and Westbury.  No train no info. Thanks @GWRHelp Yes.... info coming through now at station but I'll miss Westbury connection @GWRHelp Thanks Lewis. Info not good enough at station. kept changing and no reason. On train now.  Long wait at Westbury for next train. Thanks,TRAIN DELAY / CANCELLATION,ROUTE / TIMETABLE / STATION,"If your train was delayed causing you to miss a connecting service, your ticket is valid on the next available train to your destination. Station staff will also be able to advise on alternative routes.",False,False
GWR_000138,"@GWRHelp hello, I am booked onto Gloucester to Hunts next Tuesday, part of my journey is via tube, is the price included in my fare, or not? @GWRHelp Yes, purchased a few weeks ago. I go Glos-Paddington, Paddington-Kings Cross, and Kings Cross to Hunts",BOOKING / TICKETS,OTHER,"Thank you for getting in touch with GWR. Please send us a direct message (DM) or reply with details about your journey, and our customer support team will be happy to assist you.",False,False
GWR_000139,I think you're the only reason I get angry @GWRHelp @GWRHelp Trains cancelled this morning now I'm delayed getting home from Ealing,TRAIN DELAY / CANCELLATION,TRAIN DELAY / CANCELLATION,"I am very sorry that your train has been cancelled. Your ticket is valid on the next available GWR service on the same route. If you choose not to travel due to the cancellation, you are entitled to a full fee-free refund from your point of purchase.",True,True
GWR_000140,@GWRHelp why can't I see any train options and times for December 26? This is for a journey from Cornwall to Bristol.,TRAIN / SERVICE INFORMATION,OTHER,"Thank you for getting in touch with GWR. Please send us a direct message (DM) or reply with details about your journey, and our customer support team will be happy to assist you.",False,False
GWR_000141,"@GWRHelp Let’s hope the staff are a little less aggressive when enforcing no ticket policies that don’t exist! @GWRHelp Maybe having trains run on time or add some carriages to already struggling trains which can’t handle their own loads. Bristol to London is not a problem, sort out your other stations, such as Weston-super-Mare. @GWRHelp I heard from GWR staff that the HS trains will be sold to another firm once the new trains are fully working.  Two trains an hour which are over crowded, delayed or often cancelled as they have been in the pasts few weeks is not great for a large town. @GWRHelp But we already get highspeed from 7pm I’m on about having actual running trains throughout the day, that you don’t get crammed into at Bristol or left on the platform because the 2 or 3 coach train is to full. @GWRHelp Thank you as someone who frequently gets the train from WSM through Bristol then down to Bath, London or Cardiff, sometimes other places. If there are only two or three trains an hour, usually packed, I am often left stranded till a train can be boarded, causing me to be late.",OTHER,TRAIN DELAY / CANCELLATION,"I'm sorry for the delay to your journey today. Please check real-time departures on www.gwr.com or the GWR app for live updates. If your journey arrives 15 minutes or more late, you can claim compensation via our Delay Repay scheme at www.gwr.com/delayrepay.",True,False
GWR_000142,Complete overcrowding again on @GWRHelp arguably unsafe for elderly passengers currently on board and certainly not comfortable. Ridiculous this happens in a modern society. @GWRHelp The delayed 16:41 from Bristol Temple Meads to Great Malvern. @GWRHelp @651532 From RAIB Report 02/2017 on the low-speed collision of two GWR trains at Plymouth: https://t.co/PDSRkeAZpU,GENERAL CUSTOMER SERVICE,TRAIN DELAY / CANCELLATION,"I'm sorry for the delay to your journey today. Please check real-time departures on www.gwr.com or the GWR app for live updates. If your journey arrives 15 minutes or more late, you can claim compensation via our Delay Repay scheme at www.gwr.com/delayrepay.",False,False
GWR_000143,Hey @GWRHelp this will be the sixth train in a row that was late departing from either Reading or Paddington. Most around 15mins. No compensation on my ticket? @GWRHelp 16-25 zone 1-6 travelcard.,REFUND / COMPENSATION,TRAIN DELAY / CANCELLATION,"I'm sorry for the delay to your journey today. Please check real-time departures on www.gwr.com or the GWR app for live updates. If your journey arrives 15 minutes or more late, you can claim compensation via our Delay Repay scheme at www.gwr.com/delayrepay.",True,False
GWR_000144,My first visit to @131134 Kirk House - on a lovely new @GWRHelp train!,OTHER,OTHER,"Thank you for getting in touch with GWR. Please send us a direct message (DM) or reply with details about your journey, and our customer support team will be happy to assist you.",False,True
GWR_000145,@GWRHelp Big shout out to Kirk the onboard guard who helped us get our tickets on the 2202 North Camp to Gatwick. #superservice #topbloke @GWRHelp @40301 @336768  https://t.co/dDC1efxBz7,OTHER,BOOKING / TICKETS,"For ticket purchases, amendments, or collection queries, please visit www.gwr.com or manage your booking via your GWR account. Feel free to DM us if you need specific booking assistance.",False,False
GWR_000146,@GWRHelp why is this 2120 from Paddington just sitting at Paddington at 2123? @GWRHelp Every stop before we got going @GWRHelp I was waiting for the 2115 but the first announcement was for the 2120. When that was boarding the 2115 still didn't have a platform. @GWRHelp In fact I mean the 2117. Either way it was another night of complete absence of communication from GWR. Cheers,TRAIN DELAY / CANCELLATION,ROUTE / TIMETABLE / STATION,"Live platform allocations and departure times are displayed on station screens and in the GWR app. Platforms are confirmed shortly before arrival, so please check the departure boards at the station.",False,False
GWR_000147,"@GWRHelp Hello, do I need to book a bike in advance for a OLF to BRI journey tomorrow? Thank you! @GWRHelp Sure 09.11 from OLF, returning on 16.48 from BRI",TRAIN / SERVICE INFORMATION,BOOKING / TICKETS,"For ticket purchases, amendments, or collection queries, please visit www.gwr.com or manage your booking via your GWR account. Feel free to DM us if you need specific booking assistance.",False,False
GWR_000148,@GWRHelp has the 8.28 from Lawrence Hill ever been on time? https://t.co/o5ClER7wkJ @GWRHelp Thanks Lewis. I am on it now. Just 9 minutes late today. Has it been on time at all this week? @GWRHelp Fingers crossed for next week!,TRAIN DELAY / CANCELLATION,TRAIN DELAY / CANCELLATION,"I'm sorry for the delay to your journey today. Please check real-time departures on www.gwr.com or the GWR app for live updates. If your journey arrives 15 minutes or more late, you can claim compensation via our Delay Repay scheme at www.gwr.com/delayrepay.",False,True
GWR_000149,@GWRHelp yet on the service update says that the trains are able to run normally now?? @GWRHelp There was but it was supposed to be fixed but is still showing not??,TRAIN / SERVICE INFORMATION,OTHER,"Thank you for getting in touch with GWR. Please send us a direct message (DM) or reply with details about your journey, and our customer support team will be happy to assist you.",False,False
GWR_000150,@GWRHelp where’s the 1:01 from Reading to Oxford? Display says it’s “on time” but no sign of it... @GWRHelp Thanks Ellie! It did turn up - was just worried about accidentally missing the last train because it had changed platform or something...,ROUTE / TIMETABLE / STATION,ROUTE / TIMETABLE / STATION,"Live platform allocations and departure times are displayed on station screens and in the GWR app. Platforms are confirmed shortly before arrival, so please check the departure boards at the station.",False,True
